3.996747e+002,0.000000e+000
4.001569e+002,3.022503e-001
4.006390e+002,2.993823e-001
4.011211e+002,2.935048e-001
4.016032e+002,2.875132e-001
4.020853e+002,2.837875e-001
4.025674e+002,2.833561e-001
4.030496e+002,2.854690e-001
4.035317e+002,2.882309e-001
4.040138e+002,2.895198e-001
4.044959e+002,2.883190e-001
4.049780e+002,2.853258e-001
4.054601e+002,2.826737e-001
4.059423e+002,2.826519e-001
4.064244e+002,2.863743e-001
4.069065e+002,2.931677e-001
4.073886e+002,3.007919e-001
4.078707e+002,3.064506e-001
4.083528e+002,3.079748e-001
4.088350e+002,3.050610e-001
4.093171e+002,2.993064e-001
4.097992e+002,2.933589e-001
4.102813e+002,2.893302e-001
4.107634e+002,2.880189e-001
4.112455e+002,2.886818e-001
4.117277e+002,2.897637e-001
4.122098e+002,2.897718e-001
4.126919e+002,2.882912e-001
4.131740e+002,2.862164e-001
4.136561e+002,2.852975e-001
4.141382e+002,2.870448e-001
4.146204e+002,2.919137e-001
4.151025e+002,2.991032e-001
4.155846e+002,3.069022e-001
4.160667e+002,3.133393e-001
4.165488e+002,3.167324e-001
4.170309e+002,3.164612e-001
4.175131e+002,3.132361e-001
4.179952e+002,3.089812e-001
4.184773e+002,3.057068e-001
4.189594e+002,3.044332e-001
4.194415e+002,3.045710e-001
4.199236e+002,3.048360e-001
4.204058e+002,3.044011e-001
4.208879e+002,3.035066e-001
4.213700e+002,3.029987e-001
4.218521e+002,3.037631e-001
4.223342e+002,3.061430e-001
4.228163e+002,3.097582e-001
4.232985e+002,3.135406e-001
4.237806e+002,3.162070e-001
4.242627e+002,3.168746e-001
4.247448e+002,3.155302e-001
4.252269e+002,3.130312e-001
4.257090e+002,3.106067e-001
4.261912e+002,3.092351e-001
4.266733e+002,3.092022e-001
4.271554e+002,3.101437e-001
4.276375e+002,3.112862e-001
4.281196e+002,3.119124e-001
4.286017e+002,3.116432e-001
4.290839e+002,3.106284e-001
4.295660e+002,3.093827e-001
4.300481e+002,3.085422e-001
4.305302e+002,3.085156e-001
4.310123e+002,3.093399e-001
4.314944e+002,3.106950e-001
4.319766e+002,3.120911e-001
4.324587e+002,3.130928e-001
4.329408e+002,3.134696e-001
4.334229e+002,3.132446e-001
4.339050e+002,3.126078e-001
4.343871e+002,3.117915e-001
4.348693e+002,3.109599e-001
4.353514e+002,3.101822e-001
4.358335e+002,3.094459e-001
4.363156e+002,3.087011e-001
4.367977e+002,3.079001e-001
4.372798e+002,3.070279e-001
4.377620e+002,3.061137e-001
4.382441e+002,3.052207e-001
4.387262e+002,3.044415e-001
4.392083e+002,3.038643e-001
4.396904e+002,3.035566e-001
4.401725e+002,3.035144e-001
4.406547e+002,3.036443e-001
4.411368e+002,3.037714e-001
4.416189e+002,3.037269e-001
4.421010e+002,3.034383e-001
4.425831e+002,3.030187e-001
4.430652e+002,3.027256e-001
4.435474e+002,3.028681e-001
4.440295e+002,3.036157e-001
4.445116e+002,3.048909e-001
4.449937e+002,3.063619e-001
4.454758e+002,3.075775e-001
4.459579e+002,3.081852e-001
4.464401e+002,3.080705e-001
4.469222e+002,3.074470e-001
4.474043e+002,3.067398e-001
4.478864e+002,3.064126e-001
4.483685e+002,3.067072e-001
4.488506e+002,3.075509e-001
4.493328e+002,3.086080e-001
4.498149e+002,3.094896e-001
4.502970e+002,3.099414e-001
4.507791e+002,3.099796e-001
4.512612e+002,3.098741e-001
4.517433e+002,3.100081e-001
4.522255e+002,3.106477e-001
4.527076e+002,3.117694e-001
4.531897e+002,3.130696e-001
4.536718e+002,3.141463e-001
4.541539e+002,3.147571e-001
4.546360e+002,3.149404e-001
4.551182e+002,3.150215e-001
4.556003e+002,3.154298e-001
4.560824e+002,3.165142e-001
4.565645e+002,3.182922e-001
4.570466e+002,3.203843e-001
4.575287e+002,3.221156e-001
4.580109e+002,3.229327e-001
4.584930e+002,3.227195e-001
4.589751e+002,3.218779e-001
4.594572e+002,3.210058e-001
4.599393e+002,3.205811e-001
4.604214e+002,3.207248e-001
4.609036e+002,3.212077e-001
4.613857e+002,3.215981e-001
4.618678e+002,3.215079e-001
4.623499e+002,3.208175e-001
4.628320e+002,3.197523e-001
4.633141e+002,3.187741e-001
4.637963e+002,3.183175e-001
4.642784e+002,3.185925e-001
4.647605e+002,3.194610e-001
4.652426e+002,3.205305e-001
4.657247e+002,3.213105e-001
4.662068e+002,3.214707e-001
4.666890e+002,3.209601e-001
4.671711e+002,3.200295e-001
4.676532e+002,3.190539e-001
4.681353e+002,3.183515e-001
4.686174e+002,3.180178e-001
4.690995e+002,3.179259e-001
4.695817e+002,3.178250e-001
4.700638e+002,3.174955e-001
4.705459e+002,3.168548e-001
4.710280e+002,3.159642e-001
4.715101e+002,3.149697e-001
4.719922e+002,3.139912e-001
4.724744e+002,3.130453e-001
4.729565e+002,3.120497e-001
4.734386e+002,3.108987e-001
4.739207e+002,3.095565e-001
4.744028e+002,3.080941e-001
4.748849e+002,3.066496e-001
4.753671e+002,3.053535e-001
4.758492e+002,3.042592e-001
4.763313e+002,3.033286e-001
4.768134e+002,3.024634e-001
4.772955e+002,3.015716e-001
4.777776e+002,3.006194e-001
4.782598e+002,2.996534e-001
4.787419e+002,2.987627e-001
4.792240e+002,2.980240e-001
4.797061e+002,2.974474e-001
4.801882e+002,2.969646e-001
4.806703e+002,2.964520e-001
4.811525e+002,2.957842e-001
4.816346e+002,2.948724e-001
4.821167e+002,2.936712e-001
4.825988e+002,2.921707e-001
4.830809e+002,2.903717e-001
4.835630e+002,2.882845e-001
4.840452e+002,2.859447e-001
4.845273e+002,2.834540e-001
4.850094e+002,2.809931e-001
4.854915e+002,2.787766e-001
4.859736e+002,2.770038e-001
4.864557e+002,2.757701e-001
4.869379e+002,2.750346e-001
4.874200e+002,2.746389e-001
4.879021e+002,2.743815e-001
4.883842e+002,2.741069e-001
4.888663e+002,2.737491e-001
4.893484e+002,2.733481e-001
4.898306e+002,2.729887e-001
4.903127e+002,2.727282e-001
4.907948e+002,2.725339e-001
4.912769e+002,2.722823e-001
4.917590e+002,2.718199e-001
4.922411e+002,2.710676e-001
4.927233e+002,2.700811e-001
4.932054e+002,2.690559e-001
4.936875e+002,2.682251e-001
4.941696e+002,2.677724e-001
4.946517e+002,2.677335e-001
4.951339e+002,2.679963e-001
4.956160e+002,2.683555e-001
4.960981e+002,2.686254e-001
4.965802e+002,2.687257e-001
4.970623e+002,2.687050e-001
4.975444e+002,2.686940e-001
4.980266e+002,2.688101e-001
4.985087e+002,2.690771e-001
4.989908e+002,2.694005e-001
4.994729e+002,2.696153e-001
4.999550e+002,2.695755e-001
5.004371e+002,2.692521e-001
5.009193e+002,2.687671e-001
5.014014e+002,2.683603e-001
5.018835e+002,2.682582e-001
5.023656e+002,2.685782e-001
5.028477e+002,2.692541e-001
5.033299e+002,2.700965e-001
5.038120e+002,2.708866e-001
5.042941e+002,2.715015e-001
5.047762e+002,2.719485e-001
5.052583e+002,2.723294e-001
5.057404e+002,2.727517e-001
5.062226e+002,2.732474e-001
5.067047e+002,2.737336e-001
5.071868e+002,2.740592e-001
5.076689e+002,2.740897e-001
5.081510e+002,2.738054e-001
5.086331e+002,2.733279e-001
5.091153e+002,2.728813e-001
5.095974e+002,2.726846e-001
5.100795e+002,2.728443e-001
5.105616e+002,2.733201e-001
5.110437e+002,2.739441e-001
5.115258e+002,2.745180e-001
5.120079e+002,2.748946e-001
5.124901e+002,2.750568e-001
5.129722e+002,2.750995e-001
5.134543e+002,2.751737e-001
5.139364e+002,2.753904e-001
5.144185e+002,2.757746e-001
5.149006e+002,2.762622e-001
5.153828e+002,2.767563e-001
5.158649e+002,2.771936e-001
5.163470e+002,2.775932e-001
5.168291e+002,2.780502e-001
5.173112e+002,2.786865e-001
5.177933e+002,2.795712e-001
5.182755e+002,2.806750e-001
5.187576e+002,2.818811e-001
5.192397e+002,2.830439e-001
5.197218e+002,2.840656e-001
5.202039e+002,2.849239e-001
5.206860e+002,2.856704e-001
5.211682e+002,2.863762e-001
5.216503e+002,2.870884e-001
5.221324e+002,2.877955e-001
5.226145e+002,2.884426e-001
5.230966e+002,2.889622e-001
5.235787e+002,2.893212e-001
5.240609e+002,2.895401e-001
5.245430e+002,2.896891e-001
5.250251e+002,2.898499e-001
5.255072e+002,2.900879e-001
5.259893e+002,2.904265e-001
5.264714e+002,2.908568e-001
5.269536e+002,2.913680e-001
5.274357e+002,2.919739e-001
5.279178e+002,2.927083e-001
5.283999e+002,2.936030e-001
5.288821e+002,2.946502e-001
5.293641e+002,2.957854e-001
5.298463e+002,2.968924e-001
5.303284e+002,2.978483e-001
5.308105e+002,2.985647e-001
5.312926e+002,2.990130e-001
5.317748e+002,2.992195e-001
5.322568e+002,2.992302e-001
5.327390e+002,2.990666e-001
5.332211e+002,2.987016e-001
5.337032e+002,2.980740e-001
5.341853e+002,2.971302e-001
5.346675e+002,2.958692e-001
5.351495e+002,2.943631e-001
5.356317e+002,2.927298e-001
5.361138e+002,2.910731e-001
5.365959e+002,2.894377e-001
5.370780e+002,2.877837e-001
5.375602e+002,2.860206e-001
5.380422e+002,2.840636e-001
5.385244e+002,2.819013e-001
5.390065e+002,2.796166e-001
5.394886e+002,2.773634e-001
5.399707e+002,2.752911e-001
5.404529e+002,2.734876e-001
5.409349e+002,2.719426e-001
5.414171e+002,2.705744e-001
5.418992e+002,2.692811e-001
5.423813e+002,2.680103e-001
5.428634e+002,2.667894e-001
5.433456e+002,2.657111e-001
5.438276e+002,2.648741e-001
5.443098e+002,2.643213e-001
5.447919e+002,2.640108e-001
5.452740e+002,2.638362e-001
5.457561e+002,2.636876e-001
5.462383e+002,2.635127e-001
5.467203e+002,2.633525e-001
5.472025e+002,2.633175e-001
5.476846e+002,2.635239e-001
5.481667e+002,2.640152e-001
5.486488e+002,2.647307e-001
5.491310e+002,2.655194e-001
5.496130e+002,2.662216e-001
5.500952e+002,2.667352e-001
5.505773e+002,2.670735e-001
5.510594e+002,2.673462e-001
5.515415e+002,2.677031e-001
5.520237e+002,2.682431e-001
5.525057e+002,2.689619e-001
5.529879e+002,2.697553e-001
5.534700e+002,2.704763e-001
5.539521e+002,2.710195e-001
5.544342e+002,2.713733e-001
5.549164e+002,2.716300e-001
5.553984e+002,2.719357e-001
5.558806e+002,2.724180e-001
5.563627e+002,2.731137e-001
5.568448e+002,2.739600e-001
5.573269e+002,2.748275e-001
5.578091e+002,2.755998e-001
5.582911e+002,2.762215e-001
5.587733e+002,2.767263e-001
5.592554e+002,2.772036e-001
5.597375e+002,2.777492e-001
5.602196e+002,2.784083e-001
5.607018e+002,2.791585e-001
5.611838e+002,2.799312e-001
5.616660e+002,2.806601e-001
5.621481e+002,2.813214e-001
5.626302e+002,2.819434e-001
5.631123e+002,2.825782e-001
5.635945e+002,2.832548e-001
5.640765e+002,2.839414e-001
5.645587e+002,2.845443e-001
5.650408e+002,2.849370e-001
5.655229e+002,2.850132e-001
5.660050e+002,2.847409e-001
5.664872e+002,2.841722e-001
5.669692e+002,2.834240e-001
5.674514e+002,2.826191e-001
5.679335e+002,2.818535e-001
5.684156e+002,2.811677e-001
5.688977e+002,2.805643e-001
5.693799e+002,2.800468e-001
5.698619e+002,2.796552e-001
5.703441e+002,2.794714e-001
5.708262e+002,2.796097e-001
5.713083e+002,2.801659e-001
5.717904e+002,2.811883e-001
5.722726e+002,2.826628e-001
5.727546e+002,2.845281e-001
5.732368e+002,2.867029e-001
5.737189e+002,2.891133e-001
5.742010e+002,2.917128e-001
5.746831e+002,2.944643e-001
5.751653e+002,2.973207e-001
5.756473e+002,3.002088e-001
5.761295e+002,3.030191e-001
5.766116e+002,3.056316e-001
5.770938e+002,3.079502e-001
5.775758e+002,3.099149e-001
5.780580e+002,3.115104e-001
5.785400e+002,3.127472e-001
5.790222e+002,3.136394e-001
5.795043e+002,3.141925e-001
5.799865e+002,3.144066e-001
5.804685e+002,3.142923e-001
5.809507e+002,3.138839e-001
5.814327e+002,3.132412e-001
5.819149e+002,3.124354e-001
5.823970e+002,3.115214e-001
5.828792e+002,3.105282e-001
5.833612e+002,3.094583e-001
5.838434e+002,3.083066e-001
5.843254e+002,3.070863e-001
5.848076e+002,3.058448e-001
5.852897e+002,3.046551e-001
5.857719e+002,3.036003e-001
5.862539e+002,3.027345e-001
5.867361e+002,3.020647e-001
5.872181e+002,3.015516e-001
5.877003e+002,3.011320e-001
5.881824e+002,3.007496e-001
5.886646e+002,3.003766e-001
5.891466e+002,3.000205e-001
5.896288e+002,2.997110e-001
5.901108e+002,2.994753e-001
5.905930e+002,2.993183e-001
5.910751e+002,2.992198e-001
5.915573e+002,2.991484e-001
5.920393e+002,2.990861e-001
5.925215e+002,2.990409e-001
5.930035e+002,2.990458e-001
5.934857e+002,2.991356e-001
5.939678e+002,2.993246e-001
5.944500e+002,2.995903e-001
5.949320e+002,2.998804e-001
5.954142e+002,3.001304e-001
5.958962e+002,3.002977e-001
5.963784e+002,3.003749e-001
5.968605e+002,3.003894e-001
5.973427e+002,3.003789e-001
5.978247e+002,3.003647e-001
5.983069e+002,3.003326e-001
5.987889e+002,3.002398e-001
5.992711e+002,3.000356e-001
5.997532e+002,2.996962e-001
6.002354e+002,2.992448e-001
6.007174e+002,2.987482e-001
6.011996e+002,2.982869e-001
6.016816e+002,2.979138e-001
6.021638e+002,2.976343e-001
6.026459e+002,2.974018e-001
6.031281e+002,2.971464e-001
6.036101e+002,2.968057e-001
6.040923e+002,2.963594e-001
6.045743e+002,2.958336e-001
6.050565e+002,2.952853e-001
6.055386e+002,2.947668e-001
6.060208e+002,2.942991e-001
6.065029e+002,2.938596e-001
6.069850e+002,2.933986e-001
6.074671e+002,2.928607e-001
6.079492e+002,2.922131e-001
6.084313e+002,2.914569e-001
6.089135e+002,2.906167e-001
6.093956e+002,2.897201e-001
6.098777e+002,2.887778e-001
6.103598e+002,2.877769e-001
6.108419e+002,2.866924e-001
6.113240e+002,2.855057e-001
6.118062e+002,2.842214e-001
6.122883e+002,2.828698e-001
6.127704e+002,2.814935e-001
6.132525e+002,2.801261e-001
6.137346e+002,2.787724e-001
6.142167e+002,2.774051e-001
6.146989e+002,2.759769e-001
6.151810e+002,2.744460e-001
6.156631e+002,2.727953e-001
6.161452e+002,2.710460e-001
6.166273e+002,2.692496e-001
6.171094e+002,2.674725e-001
6.175916e+002,2.657696e-001
6.180737e+002,2.641679e-001
6.185558e+002,2.626665e-001
6.190379e+002,2.612484e-001
6.195200e+002,2.598943e-001
6.200021e+002,2.585901e-001
6.204843e+002,2.573280e-001
6.209664e+002,2.560997e-001
6.214485e+002,2.548929e-001
6.219306e+002,2.536922e-001
6.224127e+002,2.524858e-001
6.228948e+002,2.512731e-001
6.233770e+002,2.500674e-001
6.238591e+002,2.488932e-001
6.243412e+002,2.477739e-001
6.248233e+002,2.467197e-001
6.253054e+002,2.457238e-001
6.257875e+002,2.447655e-001
6.262697e+002,2.438242e-001
6.267518e+002,2.428906e-001
6.272339e+002,2.419738e-001
6.277160e+002,2.410967e-001
6.281981e+002,2.402848e-001
6.286802e+002,2.395512e-001
6.291624e+002,2.388910e-001
6.296445e+002,2.382831e-001
6.301266e+002,2.377033e-001
6.306087e+002,2.371362e-001
6.310908e+002,2.365837e-001
6.315729e+002,2.360628e-001
6.320551e+002,2.355958e-001
6.325372e+002,2.351981e-001
6.330193e+002,2.348685e-001
6.335014e+002,2.345895e-001
6.339835e+002,2.343357e-001
6.344656e+002,2.340856e-001
6.349478e+002,2.338264e-001
6.354299e+002,2.335589e-001
6.359120e+002,2.332893e-001
6.363941e+002,2.330250e-001
6.368762e+002,2.327685e-001
6.373583e+002,2.325186e-001
6.378405e+002,2.322734e-001
6.383226e+002,2.320348e-001
6.388047e+002,2.318066e-001
6.392868e+002,2.315924e-001
6.397689e+002,2.313894e-001
6.402510e+002,2.311872e-001
6.407332e+002,2.309700e-001
6.412153e+002,2.307262e-001
6.416974e+002,2.304544e-001
6.421795e+002,2.301671e-001
6.426616e+002,2.298840e-001
6.431437e+002,2.296245e-001
6.436259e+002,2.293952e-001
6.441080e+002,2.291870e-001
6.445901e+002,2.289779e-001
6.450722e+002,2.287463e-001
6.455543e+002,2.284803e-001
6.460364e+002,2.281829e-001
6.465186e+002,2.278661e-001
6.470007e+002,2.275402e-001
6.474828e+002,2.272007e-001
6.479649e+002,2.268263e-001
6.484470e+002,2.263850e-001
6.489291e+002,2.258521e-001
6.494113e+002,2.252259e-001
6.498934e+002,2.245342e-001
6.503755e+002,2.238259e-001
6.508576e+002,2.231493e-001
6.513397e+002,2.225383e-001
6.518218e+002,2.219964e-001
6.523040e+002,2.215015e-001
6.527861e+002,2.210179e-001
6.532682e+002,2.205158e-001
6.537503e+002,2.199823e-001
6.542324e+002,2.194220e-001
6.547145e+002,2.188486e-001
6.551967e+002,2.182712e-001
6.556788e+002,2.176854e-001
6.561609e+002,2.170755e-001
6.566430e+002,2.164228e-001
6.571251e+002,2.157203e-001
6.576072e+002,2.149784e-001
6.580894e+002,2.142257e-001
6.585715e+002,2.134957e-001
6.590536e+002,2.128114e-001
6.595357e+002,2.121764e-001
6.600178e+002,2.115729e-001
6.604999e+002,2.109715e-001
6.609821e+002,2.103447e-001
6.614642e+002,2.096818e-001
6.619463e+002,2.089936e-001
6.624284e+002,2.083119e-001
6.629105e+002,2.076739e-001
6.633926e+002,2.071145e-001
6.638748e+002,2.066537e-001
6.643569e+002,2.062928e-001
6.648390e+002,2.060164e-001
6.653211e+002,2.057918e-001
6.658032e+002,2.055649e-001
6.662853e+002,2.052394e-001
6.667675e+002,2.046608e-001
6.672496e+002,2.036345e-001
6.677317e+002,2.020342e-001
6.682138e+002,2.000223e-001
6.686959e+002,1.980688e-001
6.691780e+002,1.966040e-001
6.696602e+002,1.957175e-001
6.701423e+002,1.952524e-001
6.706244e+002,1.949954e-001
6.711065e+002,1.947806e-001
6.715886e+002,1.944934e-001
6.720707e+002,1.940686e-001
6.725529e+002,1.934895e-001
6.730350e+002,1.927815e-001
6.735171e+002,1.920009e-001
6.739992e+002,1.912065e-001
6.744813e+002,1.904441e-001
6.749634e+002,1.897285e-001
6.754456e+002,1.890478e-001
6.759277e+002,1.883787e-001
6.764098e+002,1.877035e-001
6.768919e+002,1.870195e-001
6.773740e+002,1.863365e-001
6.778561e+002,1.856668e-001
6.783383e+002,1.850174e-001
6.788204e+002,1.843853e-001
6.793025e+002,1.837644e-001
6.797846e+002,1.831535e-001
6.802667e+002,1.825629e-001
6.807488e+002,1.820119e-001
6.812310e+002,1.815206e-001
6.817131e+002,1.810966e-001
6.821952e+002,1.807305e-001
6.826773e+002,1.803965e-001
6.831594e+002,1.800654e-001
6.836415e+002,1.797189e-001
6.841237e+002,1.793578e-001
6.846058e+002,1.790018e-001
6.850879e+002,1.786788e-001
6.855700e+002,1.784117e-001
6.860521e+002,1.782062e-001
6.865342e+002,1.780514e-001
6.870164e+002,1.779271e-001
6.874985e+002,1.778186e-001
6.879806e+002,1.777253e-001
6.884627e+002,1.776640e-001
6.889448e+002,1.776605e-001
6.894269e+002,1.777408e-001
6.899091e+002,1.779208e-001
6.903912e+002,1.782059e-001
6.908733e+002,1.785991e-001
6.913554e+002,1.791120e-001
6.918375e+002,1.797709e-001
6.923196e+002,1.806206e-001
6.928018e+002,1.817124e-001
6.932839e+002,1.830909e-001
6.937660e+002,1.847841e-001
6.942481e+002,1.867949e-001
6.947302e+002,1.891012e-001
6.952123e+002,1.916592e-001
6.956945e+002,1.944130e-001
6.961766e+002,1.972926e-001
6.966587e+002,2.002123e-001
6.971408e+002,2.030745e-001
6.976229e+002,2.057564e-001
6.981050e+002,2.081178e-001
6.985872e+002,2.100233e-001
6.990693e+002,2.113465e-001
6.995514e+002,2.120024e-001
7.000335e+002,2.119597e-001
7.005156e+002,2.112343e-001
7.009977e+002,2.098776e-001
7.014799e+002,2.079545e-001
7.019620e+002,2.055354e-001
7.024441e+002,2.026868e-001
7.029262e+002,1.994829e-001
7.034083e+002,1.960151e-001
7.038904e+002,1.923833e-001
7.043726e+002,1.886947e-001
7.048547e+002,1.850462e-001
7.053368e+002,1.815064e-001
7.058189e+002,1.781207e-001
7.063010e+002,1.749131e-001
7.067831e+002,1.718955e-001
7.072653e+002,1.690798e-001
7.077474e+002,1.664781e-001
7.082295e+002,1.640986e-001
7.087116e+002,1.619420e-001
7.091937e+002,1.599989e-001
7.096758e+002,1.582530e-001
7.101580e+002,1.566879e-001
7.106401e+002,1.552936e-001
7.111222e+002,1.540681e-001
7.116043e+002,1.530122e-001
7.120864e+002,1.521220e-001
7.125685e+002,1.513822e-001
7.130507e+002,1.507645e-001
7.135328e+002,1.502367e-001
7.140149e+002,1.497688e-001
7.144970e+002,1.493447e-001
7.149791e+002,1.489646e-001
7.154612e+002,1.486401e-001
7.159434e+002,1.483828e-001
7.164255e+002,1.481945e-001
7.169076e+002,1.480606e-001
7.173897e+002,1.479547e-001
7.178718e+002,1.478470e-001
7.183539e+002,1.477148e-001
7.188361e+002,1.475524e-001
7.193182e+002,1.473723e-001
7.198003e+002,1.471992e-001
7.202824e+002,1.470578e-001
7.207645e+002,1.469643e-001
7.212466e+002,1.469216e-001
7.217288e+002,1.469231e-001
7.222109e+002,1.469591e-001
7.226930e+002,1.470235e-001
7.231751e+002,1.471150e-001
7.236572e+002,1.472342e-001
7.241393e+002,1.473791e-001
7.246215e+002,1.475424e-001
7.251036e+002,1.477115e-001
7.255857e+002,1.478750e-001
7.260678e+002,1.480273e-001
7.265499e+002,1.481721e-001
7.270320e+002,1.483217e-001
7.275142e+002,1.484921e-001
7.279963e+002,1.486973e-001
7.284784e+002,1.489440e-001
7.289605e+002,1.492333e-001
7.294426e+002,1.495634e-001
7.299247e+002,1.499340e-001
7.304069e+002,1.503495e-001
7.308890e+002,1.508170e-001
7.313711e+002,1.513412e-001
7.318532e+002,1.519188e-001
7.323353e+002,1.525363e-001
7.328174e+002,1.531726e-001
7.332996e+002,1.538030e-001
7.337817e+002,1.544087e-001
7.342638e+002,1.549807e-001
7.347459e+002,1.555192e-001
7.352280e+002,1.560296e-001
7.357101e+002,1.565160e-001
7.361923e+002,1.569761e-001
7.366744e+002,1.574015e-001
7.371565e+002,1.577806e-001
7.376386e+002,1.581056e-001
7.381207e+002,1.583771e-001
7.386028e+002,1.586057e-001
7.390850e+002,1.588098e-001
7.395671e+002,1.590082e-001
7.400492e+002,1.592172e-001
7.405313e+002,1.594458e-001
7.410134e+002,1.596962e-001
7.414955e+002,1.599646e-001
7.419777e+002,1.602448e-001
7.424598e+002,1.605299e-001
7.429419e+002,1.608133e-001
7.434240e+002,1.610911e-001
7.439061e+002,1.613627e-001
7.443882e+002,1.616332e-001
7.448704e+002,1.619125e-001
7.453525e+002,1.622138e-001
7.458346e+002,1.625497e-001
7.463167e+002,1.629245e-001
7.467988e+002,1.633329e-001
7.472809e+002,1.637582e-001
7.477631e+002,1.641796e-001
7.482452e+002,1.645784e-001
7.487273e+002,1.649456e-001
7.492094e+002,1.652864e-001
7.496915e+002,1.656168e-001
7.501736e+002,1.659557e-001
7.506558e+002,1.663162e-001
7.511379e+002,1.667007e-001
7.516200e+002,1.671009e-001
7.521021e+002,1.675036e-001
7.525842e+002,1.678984e-001
7.530663e+002,1.682835e-001
7.535485e+002,1.686665e-001
7.540306e+002,1.690581e-001
7.545127e+002,1.694646e-001
7.549948e+002,1.698825e-001
7.554769e+002,1.702977e-001
7.559590e+002,1.706911e-001
7.564412e+002,1.710444e-001
7.569233e+002,1.713474e-001
7.574054e+002,1.715978e-001
7.578875e+002,1.717976e-001
7.583696e+002,1.719456e-001
7.588517e+002,1.720342e-001
7.593339e+002,1.720480e-001
7.598160e+002,1.719712e-001
7.602981e+002,1.717931e-001
7.607802e+002,1.715132e-001
7.612623e+002,1.711401e-001
7.617444e+002,1.706858e-001
7.622266e+002,1.701563e-001
7.627087e+002,1.695479e-001
7.631908e+002,1.688471e-001
7.636729e+002,1.680387e-001
7.641550e+002,1.671154e-001
7.646371e+002,1.660831e-001
7.651193e+002,1.649620e-001
7.656014e+002,1.637779e-001
7.660835e+002,1.625559e-001
7.665656e+002,1.613113e-001
7.670477e+002,1.600497e-001
7.675298e+002,1.587721e-001
7.680120e+002,1.574820e-001
7.684941e+002,1.561904e-001
7.689762e+002,1.549146e-001
7.694583e+002,1.536714e-001
7.699404e+002,1.524713e-001
7.704225e+002,1.513126e-001
7.709047e+002,1.501836e-001
7.713868e+002,1.490696e-001
7.718689e+002,1.479607e-001
7.723510e+002,1.468582e-001
7.728331e+002,1.457729e-001
7.733152e+002,1.447193e-001
7.737974e+002,1.437072e-001
7.742795e+002,1.427354e-001
7.747616e+002,1.417929e-001
7.752437e+002,1.408626e-001
7.757258e+002,1.399291e-001
7.762079e+002,1.389865e-001
7.766901e+002,1.380377e-001
7.771722e+002,1.370930e-001
7.776543e+002,1.361624e-001
7.781364e+002,1.352517e-001
7.786185e+002,1.343601e-001
7.791006e+002,1.334822e-001
7.795828e+002,1.326109e-001
7.800649e+002,1.317407e-001
7.805470e+002,1.308683e-001
7.810291e+002,1.299902e-001
7.815112e+002,1.291022e-001
7.819933e+002,1.281986e-001
7.824755e+002,1.272744e-001
7.829576e+002,1.263287e-001
7.834397e+002,1.253661e-001
7.839218e+002,1.243966e-001
7.844039e+002,1.234307e-001
7.848860e+002,1.224755e-001
7.853682e+002,1.215315e-001
7.858503e+002,1.205940e-001
7.863324e+002,1.196583e-001
7.868145e+002,1.187249e-001
7.872966e+002,1.178030e-001
7.877787e+002,1.169097e-001
7.882609e+002,1.160631e-001
7.887430e+002,1.152743e-001
7.892251e+002,1.145417e-001
7.897072e+002,1.138521e-001
7.901893e+002,1.131857e-001
7.906714e+002,1.125249e-001
7.911536e+002,1.118626e-001
7.916357e+002,1.112044e-001
7.921178e+002,1.105665e-001
7.925999e+002,1.099673e-001
7.930820e+002,1.094211e-001
7.935641e+002,1.089338e-001
7.940463e+002,1.085030e-001
7.945284e+002,1.081219e-001
7.950105e+002,1.077837e-001
7.954926e+002,1.074837e-001
7.959747e+002,1.072188e-001
7.964568e+002,1.069846e-001
7.969390e+002,1.067743e-001
7.974211e+002,1.065782e-001
7.979032e+002,1.063877e-001
7.983853e+002,1.061990e-001
7.988674e+002,1.060159e-001
7.993495e+002,1.058484e-001
7.998317e+002,1.057079e-001
8.003138e+002,1.056016e-001
8.007959e+002,1.055282e-001
8.012780e+002,1.054784e-001
8.017601e+002,1.054383e-001
8.022422e+002,1.053964e-001
8.027244e+002,1.053475e-001
8.032065e+002,1.052940e-001
8.036886e+002,1.052418e-001
8.041707e+002,1.051961e-001
8.046528e+002,1.051566e-001
8.051349e+002,1.051168e-001
8.056171e+002,1.050670e-001
8.060992e+002,1.049987e-001
8.065813e+002,1.049090e-001
8.070634e+002,1.048002e-001
8.075455e+002,1.046785e-001
8.080276e+002,1.045485e-001
8.085098e+002,1.044116e-001
8.089919e+002,1.042659e-001
8.094740e+002,1.041097e-001
8.099561e+002,1.039458e-001
8.104382e+002,1.037837e-001
8.109203e+002,1.036377e-001
8.114025e+002,1.035220e-001
8.118846e+002,1.034452e-001
8.123667e+002,1.034059e-001
8.128489e+002,1.033947e-001
8.133309e+002,1.033986e-001
8.138131e+002,1.034076e-001
8.142952e+002,1.034191e-001
8.147773e+002,1.034385e-001
8.152594e+002,1.034754e-001
8.157416e+002,1.035379e-001
8.162236e+002,1.036274e-001
8.167058e+002,1.037383e-001
8.171879e+002,1.038612e-001
8.176700e+002,1.039883e-001
8.181521e+002,1.041179e-001
8.186343e+002,1.042554e-001
8.191163e+002,1.044119e-001
8.195985e+002,1.045987e-001
8.200806e+002,1.048232e-001
8.205627e+002,1.050873e-001
8.210448e+002,1.053887e-001
8.215270e+002,1.057244e-001
8.220090e+002,1.060937e-001
8.224912e+002,1.064982e-001
8.229733e+002,1.069405e-001
8.234554e+002,1.074212e-001
8.239375e+002,1.079364e-001
8.244197e+002,1.084779e-001
8.249017e+002,1.090355e-001
8.253839e+002,1.096009e-001
8.258660e+002,1.101701e-001
8.263481e+002,1.107440e-001
8.268302e+002,1.113251e-001
8.273124e+002,1.119157e-001
8.277944e+002,1.125145e-001
8.282766e+002,1.131180e-001
8.287587e+002,1.137222e-001
8.292408e+002,1.143261e-001
8.297229e+002,1.149335e-001
8.302051e+002,1.155527e-001
8.306871e+002,1.161922e-001
8.311693e+002,1.168559e-001
8.316514e+002,1.175412e-001
8.321335e+002,1.182370e-001
8.326156e+002,1.189283e-001
8.330978e+002,1.195985e-001
8.335798e+002,1.202356e-001
8.340620e+002,1.208325e-001
8.345441e+002,1.213863e-001
8.350262e+002,1.218963e-001
8.355083e+002,1.223618e-001
8.359905e+002,1.227815e-001
8.364725e+002,1.231544e-001
8.369547e+002,1.234821e-001
8.374368e+002,1.237681e-001
8.379189e+002,1.240170e-001
8.384010e+002,1.242311e-001
8.388832e+002,1.244081e-001
8.393652e+002,1.245402e-001
8.398474e+002,1.246168e-001
8.403295e+002,1.246291e-001
8.408116e+002,1.245741e-001
8.412937e+002,1.244563e-001
8.417759e+002,1.242854e-001
8.422579e+002,1.240724e-001
8.427401e+002,1.238245e-001
8.432222e+002,1.235428e-001
8.437043e+002,1.232241e-001
8.441864e+002,1.228646e-001
8.446686e+002,1.224651e-001
8.451506e+002,1.220331e-001
8.456328e+002,1.215808e-001
8.461149e+002,1.211217e-001
8.465970e+002,1.206658e-001
8.470791e+002,1.202179e-001
8.475613e+002,1.197779e-001
8.480433e+002,1.193453e-001
8.485255e+002,1.189226e-001
8.490076e+002,1.185164e-001
8.494897e+002,1.181360e-001
8.499718e+002,1.177885e-001
8.504540e+002,1.174759e-001
8.509360e+002,1.171938e-001
8.514182e+002,1.169339e-001
8.519003e+002,1.166889e-001
8.523824e+002,1.164563e-001
8.528645e+002,1.162397e-001
8.533467e+002,1.160479e-001
8.538287e+002,1.158887e-001
8.543109e+002,1.157652e-001
8.547930e+002,1.156741e-001
8.552751e+002,1.156077e-001
8.557572e+002,1.155577e-001
8.562394e+002,1.155186e-001
8.567214e+002,1.154890e-001
8.572036e+002,1.154693e-001
8.576857e+002,1.154580e-001
8.581678e+002,1.154492e-001
8.586499e+002,1.154322e-001
8.591321e+002,1.153964e-001
8.596141e+002,1.153369e-001
8.600963e+002,1.152583e-001
8.605784e+002,1.151759e-001
8.610605e+002,1.151091e-001
8.615426e+002,1.150752e-001
8.620248e+002,1.150819e-001
8.625068e+002,1.151242e-001
8.629890e+002,1.151871e-001
8.634711e+002,1.152526e-001
8.639532e+002,1.153079e-001
8.644353e+002,1.153485e-001
8.649175e+002,1.153794e-001
8.653995e+002,1.154094e-001
8.658817e+002,1.154459e-001
8.663638e+002,1.154904e-001
8.668459e+002,1.155387e-001
8.673280e+002,1.155840e-001
8.678102e+002,1.156225e-001
8.682922e+002,1.156558e-001
8.687744e+002,1.156907e-001
8.692565e+002,1.157346e-001
8.697386e+002,1.157918e-001
8.702207e+002,1.158597e-001
8.707029e+002,1.159296e-001
8.711849e+002,1.159904e-001
8.716671e+002,1.160335e-001
8.721492e+002,1.160573e-001
8.726313e+002,1.160673e-001
8.731134e+002,1.160731e-001
8.735956e+002,1.160844e-001
8.740776e+002,1.161081e-001
8.745598e+002,1.161459e-001
8.750419e+002,1.161963e-001
8.755240e+002,1.162575e-001
8.760061e+002,1.163292e-001
8.764883e+002,1.164125e-001
8.769703e+002,1.165085e-001
8.774525e+002,1.166166e-001
8.779346e+002,1.167330e-001
8.784167e+002,1.168516e-001
8.788988e+002,1.169677e-001
8.793810e+002,1.170792e-001
8.798630e+002,1.171889e-001
8.803452e+002,1.173022e-001
8.808273e+002,1.174253e-001
8.813094e+002,1.175616e-001
8.817915e+002,1.177103e-001
8.822737e+002,1.178671e-001
8.827557e+002,1.180271e-001
8.832379e+002,1.181876e-001
8.837200e+002,1.183493e-001
8.842021e+002,1.185162e-001
8.846842e+002,1.186938e-001
8.851664e+002,1.188856e-001
8.856484e+002,1.190924e-001
8.861306e+002,1.193117e-001
8.866127e+002,1.195401e-001
8.870948e+002,1.197755e-001
8.875769e+002,1.200174e-001
8.880591e+002,1.202677e-001
8.885411e+002,1.205288e-001
8.890233e+002,1.208024e-001
8.895054e+002,1.210890e-001
8.899875e+002,1.213873e-001
8.904696e+002,1.216957e-001
8.909518e+002,1.220129e-001
8.914338e+002,1.223371e-001
8.919160e+002,1.226660e-001
8.923981e+002,1.229964e-001
8.928802e+002,1.233236e-001
8.933623e+002,1.236446e-001
8.938445e+002,1.239589e-001
8.943265e+002,1.242713e-001
8.948087e+002,1.245893e-001
8.952908e+002,1.249208e-001
8.957729e+002,1.252698e-001
8.962550e+002,1.256329e-001
8.967372e+002,1.260001e-001
8.972192e+002,1.263571e-001
8.977014e+002,1.266931e-001
8.981835e+002,1.270063e-001
8.986656e+002,1.273060e-001
8.991477e+002,1.276096e-001
8.996299e+002,1.279377e-001
9.001119e+002,1.283047e-001
9.005941e+002,1.287134e-001
9.010762e+002,1.291539e-001
9.015583e+002,1.296073e-001
9.020404e+002,1.300539e-001
9.025226e+002,1.304788e-001
9.030046e+002,1.308755e-001
9.034868e+002,1.312463e-001
9.039689e+002,1.315973e-001
9.044510e+002,1.319346e-001
9.049331e+002,1.322610e-001
9.054153e+002,1.325769e-001
9.058973e+002,1.328832e-001
9.063795e+002,1.331843e-001
9.068616e+002,1.334895e-001
9.073438e+002,1.338103e-001
9.078258e+002,1.341576e-001
9.083080e+002,1.345376e-001
9.087900e+002,1.349490e-001
9.092722e+002,1.353846e-001
9.097543e+002,1.358335e-001
9.102365e+002,1.362862e-001
9.107185e+002,1.367355e-001
9.112007e+002,1.371782e-001
9.116828e+002,1.376138e-001
9.121649e+002,1.380422e-001
9.126470e+002,1.384638e-001
9.131292e+002,1.388794e-001
9.136113e+002,1.392922e-001
9.140934e+002,1.397077e-001
9.145755e+002,1.401346e-001
9.150576e+002,1.405821e-001
9.155397e+002,1.410573e-001
9.160219e+002,1.415644e-001
9.165040e+002,1.421033e-001
9.169861e+002,1.426722e-001
9.174682e+002,1.432693e-001
9.179503e+002,1.438933e-001
9.184324e+002,1.445439e-001
9.189146e+002,1.452190e-001
9.193967e+002,1.459129e-001
9.198788e+002,1.466172e-001
9.203609e+002,1.473207e-001
9.208430e+002,1.480158e-001
9.213251e+002,1.487004e-001
9.218073e+002,1.493803e-001
9.222894e+002,1.500675e-001
9.227715e+002,1.507748e-001
9.232536e+002,1.515116e-001
9.237357e+002,1.522790e-001
9.242178e+002,1.530705e-001
9.247000e+002,1.538746e-001
9.251821e+002,1.546812e-001
9.256642e+002,1.554843e-001
9.261463e+002,1.562840e-001
9.266284e+002,1.570837e-001
9.271105e+002,1.578874e-001
9.275927e+002,1.586948e-001
9.280748e+002,1.595021e-001
9.285569e+002,1.603023e-001
9.290390e+002,1.610903e-001
9.295211e+002,1.618653e-001
9.300032e+002,1.626318e-001
9.304854e+002,1.633963e-001
9.309675e+002,1.641642e-001
9.314496e+002,1.649361e-001
9.319317e+002,1.657070e-001
9.324138e+002,1.664677e-001
9.328959e+002,1.672082e-001
9.333781e+002,1.679215e-001
9.338602e+002,1.686039e-001
9.343423e+002,1.692536e-001
9.348244e+002,1.698682e-001
9.353065e+002,1.704427e-001
9.357886e+002,1.709698e-001
9.362708e+002,1.714425e-001
9.367529e+002,1.718573e-001
9.372350e+002,1.722163e-001
9.377171e+002,1.725267e-001
9.381992e+002,1.727978e-001
9.386813e+002,1.730367e-001
9.391635e+002,1.732465e-001
9.396456e+002,1.734270e-001
9.401277e+002,1.735770e-001
9.406098e+002,1.736992e-001
9.410919e+002,1.738018e-001
9.415740e+002,1.738967e-001
9.420562e+002,1.739971e-001
9.425383e+002,1.741124e-001
9.430204e+002,1.742454e-001
9.435025e+002,1.743934e-001
9.439846e+002,1.745522e-001
9.444667e+002,1.747207e-001
9.449489e+002,1.749040e-001
9.454310e+002,1.751124e-001
9.459131e+002,1.753575e-001
9.463952e+002,1.756476e-001
9.468773e+002,1.759836e-001
9.473594e+002,1.763584e-001
9.478416e+002,1.767604e-001
9.483237e+002,1.771787e-001
9.488058e+002,1.776080e-001
9.492879e+002,1.780496e-001
9.497700e+002,1.785103e-001
9.502521e+002,1.789991e-001
9.507343e+002,1.795240e-001
9.512164e+002,1.800894e-001
9.516985e+002,1.806974e-001
9.521806e+002,1.813497e-001
9.526627e+002,1.820481e-001
9.531448e+002,1.827953e-001
9.536270e+002,1.835919e-001
9.541091e+002,1.844358e-001
9.545912e+002,1.853198e-001
9.550733e+002,1.862337e-001
9.555554e+002,1.871668e-001
9.560375e+002,1.881101e-001
9.565197e+002,1.890589e-001
9.570018e+002,1.900100e-001
9.574839e+002,1.909607e-001
9.579660e+002,1.919052e-001
9.584481e+002,1.928340e-001
9.589302e+002,1.937360e-001
9.594124e+002,1.946025e-001
9.598945e+002,1.954308e-001
9.603766e+002,1.962249e-001
9.608587e+002,1.969925e-001
9.613408e+002,1.977414e-001
9.618229e+002,1.984728e-001
9.623051e+002,1.991809e-001
9.627872e+002,1.998537e-001
9.632693e+002,2.004789e-001
9.637514e+002,2.010492e-001
9.642335e+002,2.015655e-001
9.647156e+002,2.020357e-001
9.651978e+002,2.024711e-001
9.656799e+002,2.028816e-001
9.661620e+002,2.032718e-001
9.666441e+002,2.036420e-001
9.671262e+002,2.039917e-001
9.676083e+002,2.043215e-001
9.680905e+002,2.046367e-001
9.685726e+002,2.049442e-001
9.690547e+002,2.052492e-001
9.695368e+002,2.055520e-001
9.700189e+002,2.058465e-001
9.705010e+002,2.061233e-001
9.709832e+002,2.063737e-001
9.714653e+002,2.065946e-001
9.719474e+002,2.067898e-001
9.724295e+002,2.069676e-001
9.729116e+002,2.071351e-001
9.733937e+002,2.072946e-001
9.738759e+002,2.074419e-001
9.743580e+002,2.075699e-001
9.748401e+002,2.076739e-001
9.753222e+002,2.077579e-001
9.758043e+002,2.078349e-001
9.762864e+002,2.079251e-001
9.767686e+002,2.080479e-001
9.772507e+002,2.082148e-001
9.777328e+002,2.084251e-001
9.782149e+002,2.086675e-001
9.786970e+002,2.089258e-001
9.791791e+002,2.091838e-001
9.796613e+002,2.094327e-001
9.801434e+002,2.096713e-001
9.806255e+002,2.099040e-001
9.811076e+002,2.101365e-001
9.815897e+002,2.103732e-001
9.820718e+002,2.106166e-001
9.825540e+002,2.108691e-001
9.830361e+002,2.111357e-001
9.835182e+002,2.114240e-001
9.840003e+002,2.117429e-001
9.844824e+002,2.120987e-001
9.849645e+002,2.124920e-001
9.854467e+002,2.129173e-001
9.859288e+002,2.133648e-001
9.864109e+002,2.138258e-001
9.868930e+002,2.142965e-001
9.873751e+002,2.147797e-001
9.878572e+002,2.152825e-001
9.883394e+002,2.158127e-001
9.888215e+002,2.163735e-001
9.893036e+002,2.169620e-001
9.897857e+002,2.175702e-001
9.902678e+002,2.181889e-001
9.907499e+002,2.188118e-001
9.912321e+002,2.194373e-001
9.917142e+002,2.200681e-001
9.921963e+002,2.207084e-001
9.926784e+002,2.213615e-001
9.931605e+002,2.220297e-001
9.936426e+002,2.227147e-001
9.941248e+002,2.234214e-001
9.946069e+002,2.241584e-001
9.950890e+002,2.249371e-001
9.955711e+002,2.257693e-001
9.960532e+002,2.266614e-001
9.965353e+002,2.276132e-001
9.970175e+002,2.286181e-001
9.974996e+002,2.296681e-001
9.979817e+002,2.307581e-001
9.984638e+002,2.318889e-001
9.989459e+002,2.330670e-001
9.994280e+002,2.342993e-001
9.999102e+002,2.355882e-001
1.000392e+003,2.369276e-001
1.000874e+003,2.383030e-001
1.001357e+003,2.396972e-001
1.001839e+003,2.410978e-001
1.002321e+003,2.425003e-001
1.002803e+003,2.439102e-001
1.003285e+003,2.453371e-001
1.003767e+003,2.467892e-001
1.004249e+003,2.482669e-001
1.004731e+003,2.497624e-001
1.005213e+003,2.512636e-001
1.005696e+003,2.527615e-001
1.006178e+003,2.542546e-001
1.006660e+003,2.557496e-001
1.007142e+003,2.572574e-001
1.007624e+003,2.587864e-001
1.008106e+003,2.603373e-001
1.008588e+003,2.619035e-001
1.009070e+003,2.634757e-001
1.009552e+003,2.650503e-001
1.010035e+003,2.666343e-001
1.010517e+003,2.682473e-001
1.010999e+003,2.699128e-001
1.011481e+003,2.716508e-001
1.011963e+003,2.734695e-001
1.012445e+003,2.753637e-001
1.012927e+003,2.773198e-001
1.013409e+003,2.793231e-001
1.013892e+003,2.813678e-001
1.014374e+003,2.834587e-001
1.014856e+003,2.856082e-001
1.015338e+003,2.878269e-001
1.015820e+003,2.901176e-001
1.016302e+003,2.924711e-001
1.016784e+003,2.948712e-001
1.017266e+003,2.973001e-001
1.017748e+003,2.997470e-001
1.018231e+003,3.022108e-001
1.018713e+003,3.046958e-001
1.019195e+003,3.072051e-001
1.019677e+003,3.097344e-001
1.020159e+003,3.122704e-001
1.020641e+003,3.147959e-001
1.021123e+003,3.172973e-001
1.021605e+003,3.197703e-001
1.022088e+003,3.222216e-001
1.022570e+003,3.246633e-001
1.023052e+003,3.271043e-001
1.023534e+003,3.295445e-001
1.024016e+003,3.319733e-001
1.024498e+003,3.343760e-001
1.024980e+003,3.367431e-001
1.025462e+003,3.390747e-001
1.025944e+003,3.413802e-001
1.026427e+003,3.436700e-001
1.026909e+003,3.459457e-001
1.027391e+003,3.481931e-001
1.027873e+003,3.503853e-001
1.028355e+003,3.524901e-001
1.028837e+003,3.544857e-001
1.029319e+003,3.563691e-001
1.029801e+003,3.581561e-001
1.030283e+003,3.598709e-001
1.030766e+003,3.615351e-001
1.031248e+003,3.631562e-001
1.031730e+003,3.647265e-001
1.032212e+003,3.662304e-001
1.032694e+003,3.676569e-001
1.033176e+003,3.690084e-001
1.033658e+003,3.703020e-001
1.034140e+003,3.715613e-001
1.034623e+003,3.728043e-001
1.035105e+003,3.740362e-001
1.035587e+003,3.752483e-001
1.036069e+003,3.764261e-001
1.036551e+003,3.775582e-001
1.037033e+003,3.786456e-001
1.037515e+003,3.796984e-001
1.037997e+003,3.807289e-001
1.038479e+003,3.817391e-001
1.038962e+003,3.827163e-001
1.039444e+003,3.836357e-001
1.039926e+003,3.844734e-001
1.040408e+003,3.852171e-001
1.040890e+003,3.858744e-001
1.041372e+003,3.864679e-001
1.041854e+003,3.870244e-001
1.042336e+003,3.875580e-001
1.042819e+003,3.880623e-001
1.043301e+003,3.885114e-001
1.043783e+003,3.888738e-001
1.044265e+003,3.891270e-001
1.044747e+003,3.892679e-001
1.045229e+003,3.893116e-001
1.045711e+003,3.892837e-001
1.046193e+003,3.892057e-001
1.046676e+003,3.890842e-001
1.047158e+003,3.889124e-001
1.047640e+003,3.886773e-001
1.048122e+003,3.883722e-001
1.048604e+003,3.880032e-001
1.049086e+003,3.875898e-001
1.049568e+003,3.871548e-001
1.050050e+003,3.867163e-001
1.050532e+003,3.862804e-001
1.051015e+003,3.858430e-001
1.051497e+003,3.853980e-001
1.051979e+003,3.849461e-001
1.052461e+003,3.844984e-001
1.052943e+003,3.840736e-001
1.053425e+003,3.836876e-001
1.053907e+003,3.833452e-001
1.054389e+003,3.830365e-001
1.054871e+003,3.827432e-001
1.055354e+003,3.824470e-001
1.055836e+003,3.821405e-001
1.056318e+003,3.818307e-001
1.056800e+003,3.815336e-001
1.057282e+003,3.812634e-001
1.057764e+003,3.810226e-001
1.058246e+003,3.807983e-001
1.058728e+003,3.805679e-001
1.059210e+003,3.803104e-001
1.059693e+003,3.800151e-001
1.060175e+003,3.796867e-001
1.060657e+003,3.793391e-001
1.061139e+003,3.789861e-001
1.061621e+003,3.786306e-001
1.062103e+003,3.782622e-001
1.062585e+003,3.778610e-001
1.063067e+003,3.774097e-001
1.063550e+003,3.768995e-001
1.064032e+003,3.763329e-001
1.064514e+003,3.757165e-001
1.064996e+003,3.750499e-001
1.065478e+003,3.743176e-001
1.065960e+003,3.734896e-001
1.066442e+003,3.725262e-001
1.066924e+003,3.713942e-001
1.067406e+003,3.700770e-001
1.067889e+003,3.685760e-001
1.068371e+003,3.669059e-001
1.068853e+003,3.650827e-001
1.069335e+003,3.631151e-001
1.069817e+003,3.610018e-001
1.070299e+003,3.587377e-001
1.070781e+003,3.563219e-001
1.071263e+003,3.537656e-001
1.071746e+003,3.510909e-001
1.072228e+003,3.483240e-001
1.072710e+003,3.454842e-001
1.073192e+003,3.425796e-001
1.073674e+003,3.396079e-001
1.074156e+003,3.365643e-001
1.074638e+003,3.334526e-001
1.075120e+003,3.302899e-001
1.075603e+003,3.271052e-001
1.076085e+003,3.239312e-001
1.076567e+003,3.207925e-001
1.077049e+003,3.176988e-001
1.077531e+003,3.146468e-001
1.078013e+003,3.116267e-001
1.078495e+003,3.086325e-001
1.078977e+003,3.056678e-001
1.079459e+003,3.027448e-001
1.079942e+003,2.998793e-001
1.080424e+003,2.970822e-001
1.080906e+003,2.943542e-001
1.081388e+003,2.916878e-001
1.081870e+003,2.890733e-001
1.082352e+003,2.865052e-001
1.082834e+003,2.839858e-001
1.083316e+003,2.815233e-001
1.083798e+003,2.791246e-001
1.084281e+003,2.767891e-001
1.084763e+003,2.745076e-001
1.085245e+003,2.722637e-001
1.085727e+003,2.700411e-001
1.086209e+003,2.678322e-001
1.086691e+003,2.656390e-001
1.087173e+003,2.634725e-001
1.087655e+003,2.613440e-001
1.088137e+003,2.592610e-001
1.088620e+003,2.572240e-001
1.089102e+003,2.552300e-001
1.089584e+003,2.532788e-001
1.090066e+003,2.513787e-001
1.090548e+003,2.495461e-001
1.091030e+003,2.478021e-001
1.091512e+003,2.461625e-001
1.091994e+003,2.446305e-001
1.092477e+003,2.431954e-001
1.092959e+003,2.418362e-001
1.093441e+003,2.405312e-001
1.093923e+003,2.392651e-001
1.094405e+003,2.380336e-001
1.094887e+003,2.368404e-001
1.095369e+003,2.356906e-001
1.095851e+003,2.345833e-001
1.096333e+003,2.335093e-001
1.096816e+003,2.324528e-001
1.097298e+003,2.313991e-001
1.097780e+003,2.303409e-001
1.098262e+003,2.292821e-001
1.098744e+003,2.282339e-001
1.099226e+003,2.272101e-001
1.099708e+003,2.262191e-001
1.100190e+003,2.252607e-001
1.100673e+003,2.243269e-001
1.101155e+003,2.234087e-001
1.101637e+003,2.225001e-001
1.102119e+003,2.216023e-001
1.102601e+003,2.207213e-001
1.103083e+003,2.198642e-001
1.103565e+003,2.190344e-001
1.104047e+003,2.182304e-001
1.104530e+003,2.174473e-001
1.105012e+003,2.166829e-001
1.105494e+003,2.159408e-001
1.105976e+003,2.152317e-001
1.106458e+003,2.145687e-001
1.106940e+003,2.139608e-001
1.107422e+003,2.134081e-001
1.107904e+003,2.128997e-001
1.108386e+003,2.124190e-001
1.108869e+003,2.119496e-001
1.109351e+003,2.114836e-001
1.109833e+003,2.110247e-001
1.110315e+003,2.105861e-001
1.110797e+003,2.101835e-001
1.111279e+003,2.098290e-001
1.111761e+003,2.095265e-001
1.112243e+003,2.092713e-001
1.112725e+003,2.090542e-001
1.113208e+003,2.088662e-001
1.113690e+003,2.087023e-001
1.114172e+003,2.085606e-001
1.114654e+003,2.084400e-001
1.115136e+003,2.083365e-001
1.115618e+003,2.082413e-001
1.116100e+003,2.081423e-001
1.116582e+003,2.080289e-001
1.117064e+003,2.078936e-001
1.117547e+003,2.077350e-001
1.118029e+003,2.075558e-001
1.118511e+003,2.073593e-001
1.118993e+003,2.071458e-001
1.119475e+003,2.069117e-001
1.119957e+003,2.066513e-001
1.120439e+003,2.063614e-001
1.120921e+003,2.060439e-001
1.121404e+003,2.057067e-001
1.121886e+003,2.053613e-001
1.122368e+003,2.050194e-001
1.122850e+003,2.046881e-001
1.123332e+003,2.043686e-001
1.123814e+003,2.040581e-001
1.124296e+003,2.037525e-001
1.124778e+003,2.034502e-001
1.125260e+003,2.031516e-001
1.125743e+003,2.028586e-001
1.126225e+003,2.025710e-001
1.126707e+003,2.022848e-001
1.127189e+003,2.019935e-001
1.127671e+003,2.016899e-001
1.128153e+003,2.013708e-001
1.128635e+003,2.010397e-001
1.129117e+003,2.007062e-001
1.129600e+003,2.003831e-001
1.130082e+003,2.000809e-001
1.130564e+003,1.998058e-001
1.131046e+003,1.995582e-001
1.131528e+003,1.993353e-001
1.132010e+003,1.991355e-001
1.132492e+003,1.989602e-001
1.132974e+003,1.988144e-001
1.133457e+003,1.987042e-001
1.133939e+003,1.986325e-001
1.134421e+003,1.985967e-001
1.134903e+003,1.985887e-001
1.135385e+003,1.985988e-001
1.135867e+003,1.986196e-001
1.136349e+003,1.986497e-001
1.136831e+003,1.986936e-001
1.137313e+003,1.987599e-001
1.137796e+003,1.988569e-001
1.138278e+003,1.989887e-001
1.138760e+003,1.991554e-001
1.139242e+003,1.993549e-001
1.139724e+003,1.995871e-001
1.140206e+003,1.998555e-001
1.140688e+003,2.001679e-001
1.141170e+003,2.005334e-001
1.141652e+003,2.009591e-001
1.142135e+003,2.014461e-001
1.142617e+003,2.019902e-001
1.143099e+003,2.025834e-001
1.143581e+003,2.032184e-001
1.144063e+003,2.038906e-001
1.144545e+003,2.045989e-001
1.145027e+003,2.053436e-001
1.145509e+003,2.061233e-001
1.145991e+003,2.069328e-001
1.146474e+003,2.077648e-001
1.146956e+003,2.086120e-001
1.147438e+003,2.094723e-001
1.147920e+003,2.103502e-001
1.148402e+003,2.112576e-001
1.148884e+003,2.122094e-001
1.149366e+003,2.132186e-001
1.149848e+003,2.142950e-001
1.150331e+003,2.154436e-001
1.150813e+003,2.166681e-001
1.151295e+003,2.179767e-001
1.151777e+003,2.193822e-001
1.152259e+003,2.209039e-001
1.152741e+003,2.225629e-001
1.153223e+003,2.243765e-001
1.153705e+003,2.263541e-001
1.154188e+003,2.284970e-001
1.154670e+003,2.308004e-001
1.155152e+003,2.332586e-001
1.155634e+003,2.358681e-001
1.156116e+003,2.386291e-001
1.156598e+003,2.415424e-001
1.157080e+003,2.446043e-001
1.157562e+003,2.478040e-001
1.158044e+003,2.511207e-001
1.158527e+003,2.545286e-001
1.159009e+003,2.580007e-001
1.159491e+003,2.615122e-001
1.159973e+003,2.650434e-001
1.160455e+003,2.685762e-001
1.160937e+003,2.720892e-001
1.161419e+003,2.755572e-001
1.161901e+003,2.789471e-001
1.162384e+003,2.822246e-001
1.162866e+003,2.853596e-001
1.163348e+003,2.883283e-001
1.163830e+003,2.911144e-001
1.164312e+003,2.937047e-001
1.164794e+003,2.960823e-001
1.165276e+003,2.982236e-001
1.165758e+003,3.000998e-001
1.166240e+003,3.016814e-001
1.166723e+003,3.029470e-001
1.167205e+003,3.038883e-001
1.167687e+003,3.045090e-001
1.168169e+003,3.048199e-001
1.168651e+003,3.048309e-001
1.169133e+003,3.045467e-001
1.169615e+003,3.039670e-001
1.170097e+003,3.030919e-001
1.170579e+003,3.019286e-001
1.171062e+003,3.004953e-001
1.171544e+003,2.988206e-001
1.172026e+003,2.969372e-001
1.172508e+003,2.948734e-001
1.172990e+003,2.926511e-001
1.173472e+003,2.902845e-001
1.173954e+003,2.877847e-001
1.174436e+003,2.851667e-001
1.174918e+003,2.824497e-001
1.175401e+003,2.796567e-001
1.175883e+003,2.768097e-001
1.176365e+003,2.739225e-001
1.176847e+003,2.710013e-001
1.177329e+003,2.680448e-001
1.177811e+003,2.650511e-001
1.178293e+003,2.620234e-001
1.178775e+003,2.589718e-001
1.179258e+003,2.559116e-001
1.179740e+003,2.528604e-001
1.180222e+003,2.498316e-001
1.180704e+003,2.468327e-001
1.181186e+003,2.438682e-001
1.181668e+003,2.409418e-001
1.182150e+003,2.380599e-001
1.182632e+003,2.352335e-001
1.183115e+003,2.324740e-001
1.183597e+003,2.297900e-001
1.184079e+003,2.271852e-001
1.184561e+003,2.246577e-001
1.185043e+003,2.222045e-001
1.185525e+003,2.198261e-001
1.186007e+003,2.175295e-001
1.186489e+003,2.153291e-001
1.186971e+003,2.132415e-001
1.187454e+003,2.112787e-001
1.187936e+003,2.094447e-001
1.188418e+003,2.077320e-001
1.188900e+003,2.061260e-001
1.189382e+003,2.046085e-001
1.189864e+003,2.031644e-001
1.190346e+003,2.017836e-001
1.190828e+003,2.004585e-001
1.191311e+003,1.991818e-001
1.191793e+003,1.979403e-001
1.192275e+003,1.967131e-001
1.192757e+003,1.954746e-001
1.193239e+003,1.941960e-001
1.193721e+003,1.928502e-001
1.194203e+003,1.914169e-001
1.194685e+003,1.898801e-001
1.195167e+003,1.882289e-001
1.195650e+003,1.864555e-001
1.196132e+003,1.845547e-001
1.196614e+003,1.825266e-001
1.197096e+003,1.803783e-001
1.197578e+003,1.781265e-001
1.198060e+003,1.757945e-001
1.198542e+003,1.734087e-001
1.199024e+003,1.709949e-001
1.199506e+003,1.685729e-001
1.199989e+003,1.661563e-001
1.200471e+003,1.637564e-001
1.200953e+003,1.613852e-001
1.201435e+003,1.590594e-001
1.201917e+003,1.568024e-001
1.202399e+003,1.546396e-001
1.202881e+003,1.525965e-001
1.203363e+003,1.506938e-001
1.203845e+003,1.489443e-001
1.204328e+003,1.473534e-001
1.204810e+003,1.459203e-001
1.205292e+003,1.446400e-001
1.205774e+003,1.435040e-001
1.206256e+003,1.425006e-001
1.206738e+003,1.416149e-001
1.207220e+003,1.408272e-001
1.207702e+003,1.401158e-001
1.208185e+003,1.394581e-001
1.208667e+003,1.388310e-001
1.209149e+003,1.382135e-001
1.209631e+003,1.375839e-001
1.210113e+003,1.369168e-001
1.210595e+003,1.361836e-001
1.211077e+003,1.353489e-001
1.211559e+003,1.343725e-001
1.212042e+003,1.332175e-001
1.212524e+003,1.318519e-001
1.213006e+003,1.302584e-001
1.213488e+003,1.284408e-001
1.213970e+003,1.264332e-001
1.214452e+003,1.243030e-001
1.214934e+003,1.221536e-001
1.215416e+003,1.201336e-001
1.215898e+003,1.184138e-001
1.216381e+003,1.171697e-001
1.216863e+003,1.165545e-001
1.217345e+003,1.166480e-001
1.217827e+003,1.174363e-001
1.218309e+003,1.187974e-001
1.218791e+003,1.205334e-001
1.219273e+003,1.223895e-001
1.219755e+003,1.241080e-001
1.220238e+003,1.254854e-001
1.220720e+003,1.263732e-001
1.221202e+003,1.267059e-001
1.221684e+003,1.264929e-001
1.222166e+003,1.258024e-001
1.222648e+003,1.247384e-001
1.223130e+003,1.234155e-001
1.223612e+003,1.219497e-001
1.224094e+003,1.204329e-001
1.224577e+003,1.189329e-001
1.225059e+003,1.174949e-001
1.225541e+003,1.161427e-001
1.226023e+003,1.148878e-001
1.226505e+003,1.137369e-001
1.226987e+003,1.126953e-001
1.227469e+003,1.117709e-001
1.227951e+003,1.109742e-001
1.228434e+003,1.103167e-001
1.228916e+003,1.098096e-001
1.229398e+003,1.094606e-001
1.229880e+003,1.092729e-001
1.230362e+003,1.092444e-001
1.230844e+003,1.093689e-001
1.231326e+003,1.096378e-001
1.231808e+003,1.100415e-001
1.232291e+003,1.105713e-001
1.232773e+003,1.112202e-001
1.233255e+003,1.119807e-001
1.233737e+003,1.128444e-001
1.234219e+003,1.138005e-001
1.234701e+003,1.148345e-001
1.235183e+003,1.159316e-001
1.235665e+003,1.170748e-001
1.236147e+003,1.182492e-001
1.236630e+003,1.194432e-001
1.237112e+003,1.206465e-001
1.237594e+003,1.218505e-001
1.238076e+003,1.230471e-001
1.238558e+003,1.242265e-001
1.239040e+003,1.253788e-001
1.239522e+003,1.264947e-001
1.240004e+003,1.275674e-001
1.240486e+003,1.285929e-001
1.240969e+003,1.295708e-001
1.241451e+003,1.305017e-001
1.241933e+003,1.313861e-001
1.242415e+003,1.322226e-001
1.242897e+003,1.330078e-001
1.243379e+003,1.337376e-001
1.243861e+003,1.344085e-001
1.244343e+003,1.350194e-001
1.244825e+003,1.355721e-001
1.245308e+003,1.360707e-001
1.245790e+003,1.365204e-001
1.246272e+003,1.369260e-001
1.246754e+003,1.372906e-001
1.247236e+003,1.376160e-001
1.247718e+003,1.379021e-001
1.248200e+003,1.381484e-001
1.248682e+003,1.383538e-001
1.249165e+003,1.385172e-001
1.249647e+003,1.386376e-001
1.250129e+003,1.387147e-001
1.250611e+003,1.387494e-001
1.251093e+003,1.387442e-001
1.251575e+003,1.387038e-001
1.252057e+003,1.386341e-001
1.252539e+003,1.385423e-001
1.253021e+003,1.384342e-001
1.253504e+003,1.383145e-001
1.253986e+003,1.381859e-001
1.254468e+003,1.380493e-001
1.254950e+003,1.379040e-001
1.255432e+003,1.377487e-001
1.255914e+003,1.375814e-001
1.256396e+003,1.373994e-001
1.256878e+003,1.371995e-001
1.257361e+003,1.369780e-001
1.257843e+003,1.367317e-001
1.258325e+003,1.364593e-001
1.258807e+003,1.361616e-001
1.259289e+003,1.358425e-001
1.259771e+003,1.355077e-001
1.260253e+003,1.351636e-001
1.260735e+003,1.348152e-001
1.261218e+003,1.344651e-001
1.261700e+003,1.341121e-001
1.262182e+003,1.337532e-001
1.262664e+003,1.333844e-001
1.263146e+003,1.330011e-001
1.263628e+003,1.326008e-001
1.264110e+003,1.321820e-001
1.264592e+003,1.317445e-001
1.265074e+003,1.312896e-001
1.265557e+003,1.308194e-001
1.266039e+003,1.303361e-001
1.266521e+003,1.298417e-001
1.267003e+003,1.293371e-001
1.267485e+003,1.288216e-001
1.267967e+003,1.282927e-001
1.268449e+003,1.277455e-001
1.268931e+003,1.271745e-001
1.269413e+003,1.265744e-001
1.269896e+003,1.259413e-001
1.270378e+003,1.252738e-001
1.270860e+003,1.245717e-001
1.271342e+003,1.238356e-001
1.271824e+003,1.230651e-001
1.272306e+003,1.222584e-001
1.272788e+003,1.214123e-001
1.273270e+003,1.205235e-001
1.273752e+003,1.195906e-001
1.274235e+003,1.186148e-001
1.274717e+003,1.176013e-001
1.275199e+003,1.165578e-001
1.275681e+003,1.154938e-001
1.276163e+003,1.144181e-001
1.276645e+003,1.133389e-001
1.277127e+003,1.122626e-001
1.277609e+003,1.111943e-001
1.278092e+003,1.101384e-001
1.278574e+003,1.090994e-001
1.279056e+003,1.080800e-001
1.279538e+003,1.070832e-001
1.280020e+003,1.061103e-001
1.280502e+003,1.051612e-001
1.280984e+003,1.042360e-001
1.281466e+003,1.033352e-001
1.281948e+003,1.024608e-001
1.282431e+003,1.016158e-001
1.282913e+003,1.008040e-001
1.283395e+003,1.000281e-001
1.283877e+003,9.928950e-002
1.284359e+003,9.858730e-002
1.284841e+003,9.791946e-002
1.285323e+003,9.728326e-002
1.285805e+003,9.667780e-002
1.286288e+003,9.610391e-002
1.286770e+003,9.556445e-002
1.287252e+003,9.506366e-002
1.287734e+003,9.460537e-002
1.288216e+003,9.419218e-002
1.288698e+003,9.382524e-002
1.289180e+003,9.350426e-002
1.289662e+003,9.322881e-002
1.290145e+003,9.299885e-002
1.290627e+003,9.281541e-002
1.291109e+003,9.267967e-002
1.291591e+003,9.259223e-002
1.292073e+003,9.255209e-002
1.292555e+003,9.255619e-002
1.293037e+003,9.259970e-002
1.293519e+003,9.267651e-002
1.294001e+003,9.278070e-002
1.294484e+003,9.290647e-002
1.294966e+003,9.304889e-002
1.295448e+003,9.320355e-002
1.295930e+003,9.336658e-002
1.296412e+003,9.353459e-002
1.296894e+003,9.370571e-002
1.297376e+003,9.387912e-002
1.297858e+003,9.405601e-002
1.298340e+003,9.423824e-002
1.298823e+003,9.442718e-002
1.299305e+003,9.462288e-002
1.299787e+003,9.482262e-002
1.300269e+003,9.502110e-002
1.300751e+003,9.521165e-002
1.301233e+003,9.538753e-002
1.301715e+003,9.554335e-002
1.302197e+003,9.567657e-002
1.302679e+003,9.578669e-002
1.303162e+003,9.587440e-002
1.303644e+003,9.594052e-002
1.304126e+003,9.598416e-002
1.304608e+003,9.600305e-002
1.305090e+003,9.599379e-002
1.305572e+003,9.595246e-002
1.306054e+003,9.587672e-002
1.306536e+003,9.576575e-002
1.307019e+003,9.562132e-002
1.307501e+003,9.544663e-002
1.307983e+003,9.524664e-002
1.308465e+003,9.502596e-002
1.308947e+003,9.478866e-002
1.309429e+003,9.453744e-002
1.309911e+003,9.427430e-002
1.310393e+003,9.400026e-002
1.310875e+003,9.371710e-002
1.311358e+003,9.342758e-002
1.311840e+003,9.313584e-002
1.312322e+003,9.284828e-002
1.312804e+003,9.257218e-002
1.313286e+003,9.231478e-002
1.313768e+003,9.208276e-002
1.314250e+003,9.188145e-002
1.314732e+003,9.171432e-002
1.315215e+003,9.158330e-002
1.315697e+003,9.148995e-002
1.316179e+003,9.143485e-002
1.316661e+003,9.141915e-002
1.317143e+003,9.144479e-002
1.317625e+003,9.151445e-002
1.318107e+003,9.163195e-002
1.318589e+003,9.180088e-002
1.319072e+003,9.202477e-002
1.319554e+003,9.230597e-002
1.320036e+003,9.264436e-002
1.320518e+003,9.303825e-002
1.321000e+003,9.348437e-002
1.321482e+003,9.397899e-002
1.321964e+003,9.451792e-002
1.322446e+003,9.509814e-002
1.322928e+003,9.571721e-002
1.323411e+003,9.637316e-002
1.323893e+003,9.706457e-002
1.324375e+003,9.778966e-002
1.324857e+003,9.854606e-002
1.325339e+003,9.933052e-002
1.325821e+003,1.001384e-001
1.326303e+003,1.009634e-001
1.326785e+003,1.017989e-001
1.327267e+003,1.026371e-001
1.327750e+003,1.034720e-001
1.328232e+003,1.042991e-001
1.328714e+003,1.051164e-001
1.329196e+003,1.059233e-001
1.329678e+003,1.067196e-001
1.330160e+003,1.075036e-001
1.330642e+003,1.082709e-001
1.331124e+003,1.090151e-001
1.331606e+003,1.097283e-001
1.332089e+003,1.104042e-001
1.332571e+003,1.110388e-001
1.333053e+003,1.116313e-001
1.333535e+003,1.121836e-001
1.334017e+003,1.126985e-001
1.334499e+003,1.131790e-001
1.334981e+003,1.136276e-001
1.335463e+003,1.140462e-001
1.335946e+003,1.144363e-001
1.336428e+003,1.147984e-001
1.336910e+003,1.151307e-001
1.337392e+003,1.154286e-001
1.337874e+003,1.156830e-001
1.338356e+003,1.158834e-001
1.338838e+003,1.160199e-001
1.339320e+003,1.160890e-001
1.339802e+003,1.160947e-001
1.340285e+003,1.160466e-001
1.340767e+003,1.159545e-001
1.341249e+003,1.158222e-001
1.341731e+003,1.156441e-001
1.342213e+003,1.154064e-001
1.342695e+003,1.150917e-001
1.343177e+003,1.146860e-001
1.343659e+003,1.141835e-001
1.344142e+003,1.135903e-001
1.344624e+003,1.129208e-001
1.345106e+003,1.121962e-001
1.345588e+003,1.114346e-001
1.346070e+003,1.106485e-001
1.346552e+003,1.098447e-001
1.347034e+003,1.090263e-001
1.347516e+003,1.081983e-001
1.347999e+003,1.073696e-001
1.348481e+003,1.065526e-001
1.348963e+003,1.057606e-001
1.349445e+003,1.050042e-001
1.349927e+003,1.042882e-001
1.350409e+003,1.036128e-001
1.350891e+003,1.029753e-001
1.351373e+003,1.023735e-001
1.351855e+003,1.018058e-001
1.352338e+003,1.012718e-001
1.352820e+003,1.007700e-001
1.353302e+003,1.002983e-001
1.353784e+003,9.985449e-002
1.354266e+003,9.943824e-002
1.354748e+003,9.905231e-002
1.355230e+003,9.869995e-002
1.355712e+003,9.838104e-002
1.356194e+003,9.808330e-002
1.356677e+003,9.778202e-002
1.357159e+003,9.743845e-002
1.357641e+003,9.700914e-002
1.358123e+003,9.645987e-002
1.358605e+003,9.577231e-002
1.359087e+003,9.495108e-002
1.359569e+003,9.401523e-002
1.360051e+003,9.298945e-002
1.360533e+003,9.188341e-002
1.361016e+003,9.068211e-002
1.361498e+003,8.934668e-002
1.361980e+003,8.783892e-002
1.362462e+003,8.615378e-002
1.362944e+003,8.434840e-002
1.363426e+003,8.253874e-002
1.363908e+003,8.087209e-002
1.364390e+003,7.948408e-002
1.364873e+003,7.845350e-002
1.365355e+003,7.779714e-002
1.365837e+003,7.746734e-002
1.366319e+003,7.737362e-002
1.366801e+003,7.739757e-002
1.367283e+003,7.742552e-002
1.367765e+003,7.737971e-002
1.368247e+003,7.722880e-002
1.368729e+003,7.699461e-002
1.369212e+003,7.673090e-002
1.369694e+003,7.650054e-002
1.370176e+003,7.634468e-002
1.370658e+003,7.627428e-002
1.371140e+003,7.627144e-002
1.371622e+003,7.630375e-002
1.372104e+003,7.633910e-002
1.372586e+003,7.635874e-002
1.373069e+003,7.636490e-002
1.373551e+003,7.637869e-002
1.374033e+003,7.642981e-002
1.374515e+003,7.653839e-002
1.374997e+003,7.670829e-002
1.375479e+003,7.692511e-002
1.375961e+003,7.716662e-002
1.376443e+003,7.741060e-002
1.376926e+003,7.764192e-002
1.377408e+003,7.785338e-002
1.377890e+003,7.804275e-002
1.378372e+003,7.821096e-002
1.378854e+003,7.835999e-002
1.379336e+003,7.849248e-002
1.379818e+003,7.861136e-002
1.380300e+003,7.872057e-002
1.380782e+003,7.882445e-002
1.381265e+003,7.892672e-002
1.381747e+003,7.902941e-002
1.382229e+003,7.913257e-002
1.382711e+003,7.923428e-002
1.383193e+003,7.933322e-002
1.383675e+003,7.943029e-002
1.384157e+003,7.953091e-002
1.384639e+003,7.964617e-002
1.385121e+003,7.979247e-002
1.385604e+003,7.998913e-002
1.386086e+003,8.025642e-002
1.386568e+003,8.060928e-002
1.387050e+003,8.105306e-002
1.387532e+003,8.158401e-002
1.388014e+003,8.219147e-002
1.388496e+003,8.286434e-002
1.388978e+003,8.359401e-002
1.389460e+003,8.437382e-002
1.389943e+003,8.519657e-002
1.390425e+003,8.605323e-002
1.390907e+003,8.693510e-002
1.391389e+003,8.783336e-002
1.391871e+003,8.874288e-002
1.392353e+003,8.966494e-002
1.392835e+003,9.060311e-002
1.393317e+003,9.156047e-002
1.393800e+003,9.253503e-002
1.394282e+003,9.351716e-002
1.394764e+003,9.449258e-002
1.395246e+003,9.544981e-002
1.395728e+003,9.638950e-002
1.396210e+003,9.732223e-002
1.396692e+003,9.826590e-002
1.397174e+003,9.923802e-002
1.397656e+003,1.002487e-001
1.398139e+003,1.012978e-001
1.398621e+003,1.023743e-001
1.399103e+003,1.034612e-001
1.399585e+003,1.045420e-001
1.400067e+003,1.056070e-001
1.400549e+003,1.066524e-001
1.401031e+003,1.076773e-001
1.401513e+003,1.086790e-001
1.401996e+003,1.096535e-001
1.402478e+003,1.105932e-001
1.402960e+003,1.114943e-001
1.403442e+003,1.123587e-001
1.403924e+003,1.131953e-001
1.404406e+003,1.140149e-001
1.404888e+003,1.148260e-001
1.405370e+003,1.156280e-001
1.405853e+003,1.164119e-001
1.406335e+003,1.171660e-001
1.406817e+003,1.178832e-001
1.407299e+003,1.185646e-001
1.407781e+003,1.192193e-001
1.408263e+003,1.198589e-001
1.408745e+003,1.204928e-001
1.409227e+003,1.211230e-001
1.409709e+003,1.217448e-001
1.410192e+003,1.223485e-001
1.410674e+003,1.229248e-001
1.411156e+003,1.234689e-001
1.411638e+003,1.239793e-001
1.412120e+003,1.244563e-001
1.412602e+003,1.248975e-001
1.413084e+003,1.252966e-001
1.413566e+003,1.256466e-001
1.414048e+003,1.259441e-001
1.414531e+003,1.261925e-001
1.415013e+003,1.264016e-001
1.415495e+003,1.265806e-001
1.415977e+003,1.267295e-001
1.416459e+003,1.268285e-001
1.416941e+003,1.268364e-001
1.417423e+003,1.266940e-001
1.417905e+003,1.263503e-001
1.418387e+003,1.257985e-001
1.418870e+003,1.251021e-001
1.419352e+003,1.243739e-001
1.419834e+003,1.237194e-001
1.420316e+003,1.231894e-001
1.420798e+003,1.227704e-001
1.421280e+003,1.224127e-001
1.421762e+003,1.220598e-001
1.422244e+003,1.216738e-001
1.422727e+003,1.212453e-001
1.423209e+003,1.208011e-001
1.423691e+003,1.203927e-001
1.424173e+003,1.200819e-001
1.424655e+003,1.199119e-001
1.425137e+003,1.198934e-001
1.425619e+003,1.200104e-001
1.426101e+003,1.202361e-001
1.426583e+003,1.205488e-001
1.427066e+003,1.209365e-001
1.427548e+003,1.213970e-001
1.428030e+003,1.219309e-001
1.428512e+003,1.225335e-001
1.428994e+003,1.231925e-001
1.429476e+003,1.238884e-001
1.429958e+003,1.245983e-001
1.430440e+003,1.253022e-001
1.430923e+003,1.259828e-001
1.431405e+003,1.266260e-001
1.431887e+003,1.272191e-001
1.432369e+003,1.277497e-001
1.432851e+003,1.282045e-001
1.433333e+003,1.285674e-001
1.433815e+003,1.288078e-001
1.434297e+003,1.288733e-001
1.434780e+003,1.286845e-001
1.435262e+003,1.281378e-001
1.435744e+003,1.271499e-001
1.436226e+003,1.257187e-001
1.436708e+003,1.239601e-001
1.437190e+003,1.220627e-001
1.437672e+003,1.201898e-001
1.438154e+003,1.184112e-001
1.438636e+003,1.167099e-001
1.439119e+003,1.150250e-001
1.439601e+003,1.132962e-001
1.440083e+003,1.114904e-001
1.440565e+003,1.096161e-001
1.441047e+003,1.077186e-001
1.441529e+003,1.058588e-001
1.442011e+003,1.040994e-001
1.442493e+003,1.024790e-001
1.442976e+003,1.010076e-001
1.443458e+003,9.967414e-002
1.443940e+003,9.845743e-002
1.444422e+003,9.733641e-002
1.444904e+003,9.629275e-002
1.445386e+003,9.530957e-002
1.445868e+003,9.436847e-002
1.446350e+003,9.345175e-002
1.446833e+003,9.255163e-002
1.447314e+003,9.167974e-002
1.447797e+003,9.087262e-002
1.448279e+003,9.017903e-002
1.448761e+003,8.964245e-002
1.449243e+003,8.927929e-002
1.449725e+003,8.907366e-002
1.450207e+003,8.898109e-002
1.450689e+003,8.894192e-002
1.451171e+003,8.889708e-002
1.451654e+003,8.879516e-002
1.452136e+003,8.860714e-002
1.452618e+003,8.832504e-002
1.453100e+003,8.795474e-002
1.453582e+003,8.749837e-002
1.454064e+003,8.694048e-002
1.454546e+003,8.623581e-002
1.455028e+003,8.531184e-002
1.455510e+003,8.408987e-002
1.455993e+003,8.254383e-002
1.456475e+003,8.077136e-002
1.456957e+003,7.901244e-002
1.457439e+003,7.752767e-002
1.457921e+003,7.644380e-002
1.458403e+003,7.572339e-002
1.458885e+003,7.525531e-002
1.459367e+003,7.493910e-002
1.459850e+003,7.470945e-002
1.460332e+003,7.453307e-002
1.460814e+003,7.438958e-002
1.461296e+003,7.425638e-002
1.461778e+003,7.410277e-002
1.462260e+003,7.388695e-002
1.462742e+003,7.356212e-002
1.463224e+003,7.309048e-002
1.463707e+003,7.245763e-002
1.464189e+003,7.168756e-002
1.464671e+003,7.083636e-002
1.465153e+003,6.996864e-002
1.465635e+003,6.912500e-002
1.466117e+003,6.831226e-002
1.466599e+003,6.751382e-002
1.467081e+003,6.671178e-002
1.467563e+003,6.589907e-002
1.468046e+003,6.508230e-002
1.468528e+003,6.427067e-002
1.469010e+003,6.346492e-002
1.469492e+003,6.264947e-002
1.469974e+003,6.178712e-002
1.470456e+003,6.082643e-002
1.470938e+003,5.972138e-002
1.471420e+003,5.846282e-002
1.471903e+003,5.710724e-002
1.472385e+003,5.576997e-002
1.472867e+003,5.456742e-002
1.473349e+003,5.354874e-002
1.473831e+003,5.268018e-002
1.474313e+003,5.189026e-002
1.474795e+003,5.111161e-002
1.475277e+003,5.031699e-002
1.475760e+003,4.952047e-002
1.476241e+003,4.876515e-002
1.476724e+003,4.809453e-002
1.477206e+003,4.753220e-002
1.477688e+003,4.707498e-002
1.478170e+003,4.669992e-002
1.478652e+003,4.637839e-002
1.479134e+003,4.608804e-002
1.479616e+003,4.581666e-002
1.480098e+003,4.556075e-002
1.480581e+003,4.531986e-002
1.481063e+003,4.509318e-002
1.481545e+003,4.487775e-002
1.482027e+003,4.467183e-002
1.482509e+003,4.447676e-002
1.482991e+003,4.429774e-002
1.483473e+003,4.413941e-002
1.483955e+003,4.400199e-002
1.484438e+003,4.387657e-002
1.484920e+003,4.374741e-002
1.485402e+003,4.359613e-002
1.485884e+003,4.341026e-002
1.486366e+003,4.319171e-002
1.486848e+003,4.295966e-002
1.487330e+003,4.274719e-002
1.487812e+003,4.258810e-002
1.488294e+003,4.250921e-002
1.488777e+003,4.252211e-002
1.489259e+003,4.262436e-002
1.489741e+003,4.280580e-002
1.490223e+003,4.305460e-002
1.490705e+003,4.335779e-002
1.491187e+003,4.369776e-002
1.491669e+003,4.404845e-002
1.492151e+003,4.437645e-002
1.492634e+003,4.463966e-002
1.493116e+003,4.479528e-002
1.493598e+003,4.480115e-002
1.494080e+003,4.461700e-002
1.494562e+003,4.421497e-002
1.495044e+003,4.358719e-002
1.495526e+003,4.275838e-002
1.496008e+003,4.178520e-002
1.496490e+003,4.074926e-002
1.496973e+003,3.973274e-002
1.497455e+003,3.879631e-002
1.497937e+003,3.797639e-002
1.498419e+003,3.728979e-002
1.498901e+003,3.674160e-002
1.499383e+003,3.632859e-002
1.499865e+003,3.603847e-002
1.500347e+003,3.585174e-002
1.500830e+003,3.574556e-002
1.501312e+003,3.570052e-002
1.501794e+003,3.570465e-002
1.502276e+003,3.575261e-002
1.502758e+003,3.584285e-002
1.503240e+003,3.597054e-002
1.503722e+003,3.612071e-002
1.504204e+003,3.626674e-002
1.504687e+003,3.636570e-002
1.505168e+003,3.636613e-002
1.505651e+003,3.623148e-002
1.506133e+003,3.598300e-002
1.506615e+003,3.572480e-002
1.507097e+003,3.558398e-002
1.507579e+003,3.561937e-002
1.508061e+003,3.579373e-002
1.508543e+003,3.603743e-002
1.509025e+003,3.629833e-002
1.509508e+003,3.655521e-002
1.509990e+003,3.680697e-002
1.510472e+003,3.705986e-002
1.510954e+003,3.731813e-002
1.511436e+003,3.757926e-002
1.511918e+003,3.783430e-002
1.512400e+003,3.807451e-002
1.512882e+003,3.829625e-002
1.513365e+003,3.850327e-002
1.513847e+003,3.870356e-002
1.514329e+003,3.890396e-002
1.514811e+003,3.910314e-002
1.515293e+003,3.928990e-002
1.515775e+003,3.944618e-002
1.516257e+003,3.955944e-002
1.516739e+003,3.963494e-002
1.517221e+003,3.969985e-002
1.517704e+003,3.978844e-002
1.518186e+003,3.992594e-002
1.518668e+003,4.011963e-002
1.519150e+003,4.035795e-002
1.519632e+003,4.061619e-002
1.520114e+003,4.086402e-002
1.520596e+003,4.107984e-002
1.521078e+003,4.126078e-002
1.521561e+003,4.142532e-002
1.522043e+003,4.159437e-002
1.522525e+003,4.177473e-002
1.523007e+003,4.195245e-002
1.523489e+003,4.210645e-002
1.523971e+003,4.222066e-002
1.524453e+003,4.229549e-002
1.524935e+003,4.235148e-002
1.525417e+003,4.242659e-002
1.525900e+003,4.256018e-002
1.526382e+003,4.277589e-002
1.526864e+003,4.307029e-002
1.527346e+003,4.341718e-002
1.527828e+003,4.378417e-002
1.528310e+003,4.414777e-002
1.528792e+003,4.450099e-002
1.529274e+003,4.484785e-002
1.529757e+003,4.519505e-002
1.530239e+003,4.554471e-002
1.530721e+003,4.588843e-002
1.531203e+003,4.620897e-002
1.531685e+003,4.648786e-002
1.532167e+003,4.671236e-002
1.532649e+003,4.688887e-002
1.533131e+003,4.704744e-002
1.533614e+003,4.723350e-002
1.534095e+003,4.747805e-002
1.534578e+003,4.778498e-002
1.535060e+003,4.813676e-002
1.535542e+003,4.851277e-002
1.536024e+003,4.889911e-002
1.536506e+003,4.929021e-002
1.536988e+003,4.968858e-002
1.537470e+003,5.009307e-002
1.537952e+003,5.048928e-002
1.538435e+003,5.083968e-002
1.538917e+003,5.108146e-002
1.539399e+003,5.115496e-002
1.539881e+003,5.105329e-002
1.540363e+003,5.085335e-002
1.540845e+003,5.067176e-002
1.541327e+003,5.059294e-002
1.541809e+003,5.064320e-002
1.542292e+003,5.080147e-002
1.542774e+003,5.103037e-002
1.543256e+003,5.130003e-002
1.543738e+003,5.159877e-002
1.544220e+003,5.193044e-002
1.544702e+003,5.230503e-002
1.545184e+003,5.272361e-002
1.545666e+003,5.317307e-002
1.546148e+003,5.362787e-002
1.546631e+003,5.406270e-002
1.547113e+003,5.445529e-002
1.547595e+003,5.479403e-002
1.548077e+003,5.507954e-002
1.548559e+003,5.532399e-002
1.549041e+003,5.554858e-002
1.549523e+003,5.577743e-002
1.550005e+003,5.602985e-002
1.550488e+003,5.631218e-002
1.550970e+003,5.662009e-002
1.551452e+003,5.694474e-002
1.551934e+003,5.727987e-002
1.552416e+003,5.762324e-002
1.552898e+003,5.797635e-002
1.553380e+003,5.834176e-002
1.553862e+003,5.872158e-002
1.554344e+003,5.911594e-002
1.554827e+003,5.952480e-002
1.555309e+003,5.994807e-002
1.555791e+003,6.038604e-002
1.556273e+003,6.083607e-002
1.556755e+003,6.128230e-002
1.557237e+003,6.168663e-002
1.557719e+003,6.198069e-002
1.558201e+003,6.208798e-002
1.558684e+003,6.200163e-002
1.559166e+003,6.184451e-002
1.559648e+003,6.178296e-002
1.560130e+003,6.188092e-002
1.560612e+003,6.211252e-002
1.561094e+003,6.242297e-002
1.561576e+003,6.276867e-002
1.562058e+003,6.312193e-002
1.562541e+003,6.347083e-002
1.563022e+003,6.381656e-002
1.563505e+003,6.416618e-002
1.563987e+003,6.452996e-002
1.564469e+003,6.491467e-002
1.564951e+003,6.531966e-002
1.565433e+003,6.573644e-002
1.565915e+003,6.615393e-002
1.566397e+003,6.656275e-002
1.566879e+003,6.695846e-002
1.567362e+003,6.734079e-002
1.567844e+003,6.771069e-002
1.568326e+003,6.806900e-002
1.568808e+003,6.841643e-002
1.569290e+003,6.875580e-002
1.569772e+003,6.909217e-002
1.570254e+003,6.943510e-002
1.570736e+003,6.979254e-002
1.571219e+003,7.016581e-002
1.571701e+003,7.054923e-002
1.572183e+003,7.093049e-002
1.572665e+003,7.129392e-002
1.573147e+003,7.161910e-002
1.573629e+003,7.188731e-002
1.574111e+003,7.208406e-002
1.574593e+003,7.220452e-002
1.575075e+003,7.226024e-002
1.575558e+003,7.228375e-002
1.576040e+003,7.232176e-002
1.576522e+003,7.240947e-002
1.577004e+003,7.255747e-002
1.577486e+003,7.275241e-002
1.577968e+003,7.297228e-002
1.578450e+003,7.319807e-002
1.578932e+003,7.341735e-002
1.579415e+003,7.362335e-002
1.579897e+003,7.381107e-002
1.580379e+003,7.397648e-002
1.580861e+003,7.411624e-002
1.581343e+003,7.422673e-002
1.581825e+003,7.430509e-002
1.582307e+003,7.434857e-002
1.582789e+003,7.435451e-002
1.583271e+003,7.432167e-002
1.583754e+003,7.425170e-002
1.584236e+003,7.415169e-002
1.584718e+003,7.403388e-002
1.585200e+003,7.391504e-002
1.585682e+003,7.381245e-002
1.586164e+003,7.373772e-002
1.586646e+003,7.369559e-002
1.587128e+003,7.368141e-002
1.587611e+003,7.368392e-002
1.588093e+003,7.368833e-002
1.588575e+003,7.368094e-002
1.589057e+003,7.365397e-002
1.589539e+003,7.360534e-002
1.590021e+003,7.353923e-002
1.590503e+003,7.346243e-002
1.590985e+003,7.338177e-002
1.591468e+003,7.330197e-002
1.591949e+003,7.322482e-002
1.592432e+003,7.315008e-002
1.592914e+003,7.307679e-002
1.593396e+003,7.300509e-002
1.593878e+003,7.293764e-002
1.594360e+003,7.287975e-002
1.594842e+003,7.283974e-002
1.595324e+003,7.282779e-002
1.595806e+003,7.285302e-002
1.596289e+003,7.292200e-002
1.596771e+003,7.303598e-002
1.597253e+003,7.318929e-002
1.597735e+003,7.336996e-002
1.598217e+003,7.356028e-002
1.598699e+003,7.374019e-002
1.599181e+003,7.388782e-002
1.599663e+003,7.398583e-002
1.600146e+003,7.402308e-002
1.600628e+003,7.399651e-002
1.601110e+003,7.391048e-002
1.601592e+003,7.377463e-002
1.602074e+003,7.360184e-002
1.602556e+003,7.340448e-002
1.603038e+003,7.319564e-002
1.603520e+003,7.298773e-002
1.604002e+003,7.279037e-002
1.604485e+003,7.261080e-002
1.604967e+003,7.245160e-002
1.605449e+003,7.231076e-002
1.605931e+003,7.218225e-002
1.606413e+003,7.205832e-002
1.606895e+003,7.193091e-002
1.607377e+003,7.179372e-002
1.607859e+003,7.164391e-002
1.608342e+003,7.148111e-002
1.608824e+003,7.130673e-002
1.609306e+003,7.112349e-002
1.609788e+003,7.093517e-002
1.610270e+003,7.074912e-002
1.610752e+003,7.057565e-002
1.611234e+003,7.042950e-002
1.611716e+003,7.032524e-002
1.612198e+003,7.027327e-002
1.612681e+003,7.027635e-002
1.613163e+003,7.032719e-002
1.613645e+003,7.040873e-002
1.614127e+003,7.049283e-002
1.614609e+003,7.054455e-002
1.615091e+003,7.052877e-002
1.615573e+003,7.042132e-002
1.616055e+003,7.022879e-002
1.616538e+003,6.999597e-002
1.617020e+003,6.979083e-002
1.617502e+003,6.966528e-002
1.617984e+003,6.963770e-002
1.618466e+003,6.969310e-002
1.618948e+003,6.980117e-002
1.619430e+003,6.992918e-002
1.619912e+003,7.005028e-002
1.620395e+003,7.014739e-002
1.620876e+003,7.021219e-002
1.621359e+003,7.024752e-002
1.621841e+003,7.026681e-002
1.622323e+003,7.029368e-002
1.622805e+003,7.035309e-002
1.623287e+003,7.045978e-002
1.623769e+003,7.061140e-002
1.624251e+003,7.078932e-002
1.624733e+003,7.096712e-002
1.625216e+003,7.111837e-002
1.625698e+003,7.122447e-002
1.626180e+003,7.127553e-002
1.626662e+003,7.127351e-002
1.627144e+003,7.123365e-002
1.627626e+003,7.118344e-002
1.628108e+003,7.115510e-002
1.628590e+003,7.117325e-002
1.629073e+003,7.124969e-002
1.629555e+003,7.137924e-002
1.630037e+003,7.154717e-002
1.630519e+003,7.173341e-002
1.631001e+003,7.192051e-002
1.631483e+003,7.209454e-002
1.631965e+003,7.224349e-002
1.632447e+003,7.235530e-002
1.632929e+003,7.241527e-002
1.633412e+003,7.240282e-002
1.633894e+003,7.229777e-002
1.634376e+003,7.209130e-002
1.634858e+003,7.180908e-002
1.635340e+003,7.151810e-002
1.635822e+003,7.130997e-002
1.636304e+003,7.124504e-002
1.636786e+003,7.132129e-002
1.637269e+003,7.149196e-002
1.637751e+003,7.170077e-002
1.638233e+003,7.190639e-002
1.638715e+003,7.208504e-002
1.639197e+003,7.223105e-002
1.639679e+003,7.235096e-002
1.640161e+003,7.245704e-002
1.640643e+003,7.256119e-002
1.641125e+003,7.266956e-002
1.641608e+003,7.278175e-002
1.642090e+003,7.289276e-002
1.642572e+003,7.299666e-002
1.643054e+003,7.308993e-002
1.643536e+003,7.317270e-002
1.644018e+003,7.324557e-002
1.644500e+003,7.330526e-002
1.644982e+003,7.334182e-002
1.645465e+003,7.333814e-002
1.645947e+003,7.328044e-002
1.646429e+003,7.317451e-002
1.646911e+003,7.305719e-002
1.647393e+003,7.298031e-002
1.647875e+003,7.298227e-002
1.648357e+003,7.307217e-002
1.648839e+003,7.323121e-002
1.649322e+003,7.342684e-002
1.649803e+003,7.361774e-002
1.650286e+003,7.376226e-002
1.650768e+003,7.380887e-002
1.651250e+003,7.369606e-002
1.651732e+003,7.336383e-002
1.652214e+003,7.280298e-002
1.652696e+003,7.213734e-002
1.653178e+003,7.160608e-002
1.653660e+003,7.138760e-002
1.654143e+003,7.145990e-002
1.654625e+003,7.169737e-002
1.655107e+003,7.199019e-002
1.655589e+003,7.228035e-002
1.656071e+003,7.254353e-002
1.656553e+003,7.277035e-002
1.657035e+003,7.295907e-002
1.657517e+003,7.311121e-002
1.658000e+003,7.323109e-002
1.658482e+003,7.332625e-002
1.658964e+003,7.340546e-002
1.659446e+003,7.347511e-002
1.659928e+003,7.353558e-002
1.660410e+003,7.357860e-002
1.660892e+003,7.359030e-002
1.661374e+003,7.355858e-002
1.661856e+003,7.348386e-002
1.662339e+003,7.338816e-002
1.662821e+003,7.331084e-002
1.663303e+003,7.329483e-002
1.663785e+003,7.336348e-002
1.664267e+003,7.351424e-002
1.664749e+003,7.372244e-002
1.665231e+003,7.395621e-002
1.665713e+003,7.418393e-002
1.666196e+003,7.437904e-002
1.666678e+003,7.452472e-002
1.667160e+003,7.461186e-002
1.667642e+003,7.463988e-002
1.668124e+003,7.461666e-002
1.668606e+003,7.456186e-002
1.669088e+003,7.450604e-002
1.669570e+003,7.448453e-002
1.670052e+003,7.453181e-002
1.670535e+003,7.466742e-002
1.671017e+003,7.489032e-002
1.671499e+003,7.518175e-002
1.671981e+003,7.551170e-002
1.672463e+003,7.584561e-002
1.672945e+003,7.614765e-002
1.673427e+003,7.639176e-002
1.673909e+003,7.656737e-002
1.674392e+003,7.668911e-002
1.674874e+003,7.679579e-002
1.675356e+003,7.693773e-002
1.675838e+003,7.714790e-002
1.676320e+003,7.742454e-002
1.676802e+003,7.774225e-002
1.677284e+003,7.806848e-002
1.677766e+003,7.838015e-002
1.678249e+003,7.866473e-002
1.678730e+003,7.892267e-002
1.679213e+003,7.916354e-002
1.679695e+003,7.940009e-002
1.680177e+003,7.964179e-002
1.680659e+003,7.989043e-002
1.681141e+003,8.013814e-002
1.681623e+003,8.037135e-002
1.682105e+003,8.057250e-002
1.682587e+003,8.072514e-002
1.683070e+003,8.082315e-002
1.683552e+003,8.088538e-002
1.684034e+003,8.095999e-002
1.684516e+003,8.109356e-002
1.684998e+003,8.130427e-002
1.685480e+003,8.157594e-002
1.685962e+003,8.187966e-002
1.686444e+003,8.218759e-002
1.686927e+003,8.247728e-002
1.687409e+003,8.273116e-002
1.687891e+003,8.293549e-002
1.688373e+003,8.308864e-002
1.688855e+003,8.320372e-002
1.689337e+003,8.331092e-002
1.689819e+003,8.344718e-002
1.690301e+003,8.364494e-002
1.690783e+003,8.391956e-002
1.691266e+003,8.426487e-002
1.691748e+003,8.465631e-002
1.692230e+003,8.506077e-002
1.692712e+003,8.544813e-002
1.693194e+003,8.579159e-002
1.693676e+003,8.607326e-002
1.694158e+003,8.628621e-002
1.694640e+003,8.643837e-002
1.695123e+003,8.655628e-002
1.695605e+003,8.667863e-002
1.696087e+003,8.684084e-002
1.696569e+003,8.705181e-002
1.697051e+003,8.729387e-002
1.697533e+003,8.753327e-002
1.698015e+003,8.773530e-002
1.698497e+003,8.787267e-002
1.698979e+003,8.794196e-002
1.699462e+003,8.798667e-002
1.699944e+003,8.810890e-002
1.700426e+003,8.842072e-002
1.700908e+003,8.895600e-002
1.701390e+003,8.966465e-002
1.701872e+003,9.045762e-002
1.702354e+003,9.126103e-002
1.702836e+003,9.202108e-002
1.703319e+003,9.271101e-002
1.703801e+003,9.333079e-002
1.704283e+003,9.390918e-002
1.704765e+003,9.450560e-002
1.705247e+003,9.519165e-002
1.705729e+003,9.602202e-002
1.706211e+003,9.700093e-002
1.706693e+003,9.808787e-002
1.707176e+003,9.922466e-002
1.707657e+003,1.003692e-001
1.708140e+003,1.015090e-001
1.708622e+003,1.026636e-001
1.709104e+003,1.038716e-001
1.709586e+003,1.051720e-001
1.710068e+003,1.065862e-001
1.710550e+003,1.081138e-001
1.711032e+003,1.097356e-001
1.711514e+003,1.114343e-001
1.711997e+003,1.132106e-001
1.712479e+003,1.150864e-001
1.712961e+003,1.170994e-001
1.713443e+003,1.192820e-001
1.713925e+003,1.216351e-001
1.714407e+003,1.241225e-001
1.714889e+003,1.266831e-001
1.715371e+003,1.292751e-001
1.715854e+003,1.319193e-001
1.716336e+003,1.347302e-001
1.716818e+003,1.378752e-001
1.717300e+003,1.414430e-001
1.717782e+003,1.453748e-001
1.718264e+003,1.494469e-001
1.718746e+003,1.534014e-001
1.719229e+003,1.570838e-001
1.719710e+003,1.604842e-001
1.720193e+003,1.636943e-001
1.720675e+003,1.668404e-001
1.721157e+003,1.700306e-001
1.721639e+003,1.733184e-001
1.722121e+003,1.766802e-001
1.722603e+003,1.800343e-001
1.723085e+003,1.832672e-001
1.723567e+003,1.862806e-001
1.724050e+003,1.890314e-001
1.724532e+003,1.915266e-001
1.725014e+003,1.937952e-001
1.725496e+003,1.958508e-001
1.725978e+003,1.976754e-001
1.726460e+003,1.992267e-001
1.726942e+003,2.004655e-001
1.727424e+003,2.013723e-001
1.727906e+003,2.019631e-001
1.728389e+003,2.022788e-001
1.728871e+003,2.023722e-001
1.729353e+003,2.022790e-001
1.729835e+003,2.020051e-001
1.730317e+003,2.015181e-001
1.730799e+003,2.007431e-001
1.731281e+003,1.995465e-001
1.731763e+003,1.977084e-001
1.732246e+003,1.949203e-001
1.732728e+003,1.908281e-001
1.733210e+003,1.852448e-001
1.733692e+003,1.784642e-001
1.734174e+003,1.713536e-001
1.734656e+003,1.649091e-001
1.735138e+003,1.596470e-001
1.735620e+003,1.554766e-001
1.736103e+003,1.519704e-001
1.736585e+003,1.486571e-001
1.737067e+003,1.451270e-001
1.737549e+003,1.410935e-001
1.738031e+003,1.364106e-001
1.738513e+003,1.311211e-001
1.738995e+003,1.254482e-001
1.739477e+003,1.197277e-001
1.739959e+003,1.142581e-001
1.740442e+003,1.091763e-001
1.740924e+003,1.044481e-001
1.741406e+003,9.994011e-002
1.741888e+003,9.551474e-002
1.742370e+003,9.107362e-002
1.742852e+003,8.658256e-002
1.743334e+003,8.205929e-002
1.743816e+003,7.755532e-002
1.744299e+003,7.312588e-002
1.744781e+003,6.881158e-002
1.745263e+003,6.463638e-002
1.745745e+003,6.059849e-002
1.746227e+003,5.667631e-002
1.746709e+003,5.283279e-002
1.747191e+003,4.902261e-002
1.747673e+003,4.520553e-002
1.748156e+003,4.135957e-002
1.748637e+003,3.749188e-002
1.749120e+003,3.363352e-002
1.749602e+003,2.983159e-002
1.750084e+003,2.614265e-002
1.750566e+003,2.262235e-002
1.751048e+003,1.933009e-002
1.751530e+003,1.632639e-002
1.752012e+003,1.366179e-002
1.752494e+003,1.136477e-002
1.752977e+003,9.432506e-003
1.753459e+003,7.831540e-003
1.753941e+003,6.497136e-003
1.754423e+003,5.342456e-003
1.754905e+003,4.269430e-003
1.755387e+003,3.194977e-003
1.755869e+003,2.073766e-003
1.756351e+003,9.220713e-004
1.756833e+003,-1.926648e-004
1.757316e+003,-1.186531e-003
1.757798e+003,-2.006297e-003
1.758280e+003,-2.649714e-003
1.758762e+003,-3.154539e-003
1.759244e+003,-3.571109e-003
1.759726e+003,-3.934550e-003
1.760208e+003,-4.249719e-003
1.760690e+003,-4.488488e-003
1.761173e+003,-4.607905e-003
1.761655e+003,-4.577742e-003
1.762137e+003,-4.405382e-003
1.762619e+003,-4.133453e-003
1.763101e+003,-3.817149e-003
1.763583e+003,-3.494533e-003
1.764065e+003,-3.178025e-003
1.764547e+003,-2.859246e-003
1.765030e+003,-2.523169e-003
1.765512e+003,-2.161380e-003
1.765994e+003,-1.781273e-003
1.766476e+003,-1.404069e-003
1.766958e+003,-1.056452e-003
1.767440e+003,-7.535429e-004
1.767922e+003,-4.889818e-004
1.768404e+003,-2.355523e-004
1.768886e+003,3.711171e-005
1.769369e+003,3.453940e-004
1.769851e+003,6.836291e-004
1.770333e+003,1.026877e-003
1.770815e+003,1.342909e-003
1.771297e+003,1.611910e-003
1.771779e+003,1.840880e-003
1.772261e+003,2.065410e-003
1.772743e+003,2.325931e-003
1.773226e+003,2.637143e-003
1.773708e+003,2.983274e-003
1.774190e+003,3.328913e-003
1.774672e+003,3.642783e-003
1.775154e+003,3.906994e-003
1.775636e+003,4.125001e-003
1.776118e+003,4.316011e-003
1.776600e+003,4.504359e-003
1.777083e+003,4.706187e-003
1.777564e+003,4.922216e-003
1.778047e+003,5.137214e-003
1.778529e+003,5.331017e-003
1.779011e+003,5.487256e-003
1.779493e+003,5.603675e-003
1.779975e+003,5.691858e-003
1.780457e+003,5.770421e-003
1.780939e+003,5.852156e-003
1.781421e+003,5.936056e-003
1.781904e+003,6.009255e-003
1.782386e+003,6.056694e-003
1.782868e+003,6.071848e-003
1.783350e+003,6.062104e-003
1.783832e+003,6.047824e-003
1.784314e+003,6.051251e-003
1.784796e+003,6.088817e-003
1.785278e+003,6.160327e-003
1.785760e+003,6.253060e-003
1.786243e+003,6.349813e-003
1.786725e+003,6.442351e-003
1.787207e+003,6.532924e-003
1.787689e+003,6.632398e-003
1.788171e+003,6.750302e-003
1.788653e+003,6.887258e-003
1.789135e+003,7.029712e-003
1.789617e+003,7.154192e-003
1.790100e+003,7.234233e-003
1.790582e+003,7.254448e-003
1.791064e+003,7.220859e-003
1.791546e+003,7.164533e-003
1.792028e+003,7.126134e-003
1.792510e+003,7.133645e-003
1.792992e+003,7.189697e-003
1.793474e+003,7.275372e-003
1.793957e+003,7.367534e-003
1.794439e+003,7.451626e-003
1.794921e+003,7.527407e-003
1.795403e+003,7.604145e-003
1.795885e+003,7.692533e-003
1.796367e+003,7.796422e-003
1.796849e+003,7.910087e-003
1.797331e+003,8.020846e-003
1.797813e+003,8.117116e-003
1.798296e+003,8.194837e-003
1.798778e+003,8.260819e-003
1.799260e+003,8.327520e-003
1.799742e+003,8.405346e-003
1.800224e+003,8.493390e-003
1.800706e+003,8.578038e-003
1.801188e+003,8.639448e-003
1.801670e+003,8.664055e-003
1.802153e+003,8.652867e-003
1.802635e+003,8.621906e-003
1.803117e+003,8.592773e-003
1.803599e+003,8.582770e-003
1.804081e+003,8.597403e-003
1.804563e+003,8.628970e-003
1.805045e+003,8.661858e-003
1.805527e+003,8.681463e-003
1.806010e+003,8.682342e-003
1.806491e+003,8.670274e-003
1.806974e+003,8.658545e-003
1.807456e+003,8.659018e-003
1.807938e+003,8.676291e-003
1.808420e+003,8.704720e-003
1.808902e+003,8.732644e-003
1.809384e+003,8.749953e-003
1.809866e+003,8.755397e-003
1.810348e+003,8.757561e-003
1.810831e+003,8.770037e-003
1.811313e+003,8.801075e-003
1.811795e+003,8.847739e-003
1.812277e+003,8.895929e-003
1.812759e+003,8.929039e-003
1.813241e+003,8.936379e-003
1.813723e+003,8.919265e-003
1.814205e+003,8.888928e-003
1.814688e+003,8.861908e-003
1.815170e+003,8.850984e-003
1.815652e+003,8.858255e-003
1.816134e+003,8.875739e-003
1.816616e+003,8.890721e-003
1.817098e+003,8.895353e-003
1.817580e+003,8.892479e-003
1.818062e+003,8.895286e-003
1.818544e+003,8.919096e-003
1.819027e+003,8.971894e-003
1.819509e+003,9.048347e-003
1.819991e+003,9.131615e-003
1.820473e+003,9.201226e-003
1.820955e+003,9.244446e-003
1.821437e+003,9.261844e-003
1.821919e+003,9.264721e-003
1.822401e+003,9.267123e-003
1.822884e+003,9.275586e-003
1.823366e+003,9.281646e-003
1.823848e+003,9.265195e-003
1.824330e+003,9.203256e-003
1.824812e+003,9.087188e-003
1.825294e+003,8.931407e-003
1.825776e+003,8.769259e-003
1.826258e+003,8.636001e-003
1.826740e+003,8.553808e-003
1.827223e+003,8.524950e-003
1.827705e+003,8.535324e-003
1.828187e+003,8.563000e-003
1.828669e+003,8.590070e-003
1.829151e+003,8.612375e-003
1.829633e+003,8.639583e-003
1.830115e+003,8.686060e-003
1.830597e+003,8.755599e-003
1.831080e+003,8.836004e-003
1.831562e+003,8.903809e-003
1.832044e+003,8.938510e-003
1.832526e+003,8.930325e-003
1.833008e+003,8.886053e-003
1.833490e+003,8.823730e-003
1.833972e+003,8.766317e-003
1.834454e+003,8.728655e-003
1.834937e+003,8.710974e-003
1.835418e+003,8.699176e-003
1.835901e+003,8.675142e-003
1.836383e+003,8.627686e-003
1.836865e+003,8.562020e-003
1.837347e+003,8.497647e-003
1.837829e+003,8.459502e-003
1.838311e+003,8.464806e-003
1.838793e+003,8.513629e-003
1.839275e+003,8.589630e-003
1.839758e+003,8.668923e-003
1.840240e+003,8.733354e-003
1.840722e+003,8.775514e-003
1.841204e+003,8.800500e-003
1.841686e+003,8.818489e-003
1.842168e+003,8.836985e-003
1.842650e+003,8.852473e-003
1.843132e+003,8.850951e-003
1.843615e+003,8.816561e-003
1.844097e+003,8.746843e-003
1.844579e+003,8.659188e-003
1.845061e+003,8.584594e-003
1.845543e+003,8.548603e-003
1.846025e+003,8.559823e-003
1.846507e+003,8.606968e-003
1.846989e+003,8.667536e-003
1.847471e+003,8.717769e-003
1.847954e+003,8.744578e-003
1.848436e+003,8.750495e-003
1.848918e+003,8.750630e-003
1.849400e+003,8.762361e-003
1.849882e+003,8.794109e-003
1.850364e+003,8.841077e-003
1.850846e+003,8.887034e-003
1.851328e+003,8.915612e-003
1.851811e+003,8.918656e-003
1.852293e+003,8.901949e-003
1.852775e+003,8.882063e-003
1.853257e+003,8.876956e-003
1.853739e+003,8.894136e-003
1.854221e+003,8.926435e-003
1.854703e+003,8.954610e-003
1.855185e+003,8.960529e-003
1.855667e+003,8.936447e-003
1.856150e+003,8.891938e-003
1.856632e+003,8.848685e-003
1.857114e+003,8.832319e-003
1.857596e+003,8.856801e-003
1.858078e+003,8.918149e-003
1.858560e+003,8.996047e-003
1.859042e+003,9.065466e-003
1.859524e+003,9.108673e-003
1.860007e+003,9.122344e-003
1.860489e+003,9.117268e-003
1.860971e+003,9.109654e-003
1.861453e+003,9.111989e-003
1.861935e+003,9.124882e-003
1.862417e+003,9.139601e-003
1.862899e+003,9.145895e-003
1.863381e+003,9.139736e-003
1.863864e+003,9.128773e-003
1.864345e+003,9.128739e-003
1.864828e+003,9.154592e-003
1.865310e+003,9.212732e-003
1.865792e+003,9.295050e-003
1.866274e+003,9.382022e-003
1.866756e+003,9.450317e-003
1.867238e+003,9.484656e-003
1.867720e+003,9.484994e-003
1.868202e+003,9.466301e-003
1.868685e+003,9.447879e-003
1.869167e+003,9.440294e-003
1.869649e+003,9.440430e-003
1.870131e+003,9.436298e-003
1.870613e+003,9.418589e-003
1.871095e+003,9.389233e-003
1.871577e+003,9.361538e-003
1.872059e+003,9.354428e-003
1.872542e+003,9.382123e-003
1.873024e+003,9.444730e-003
1.873506e+003,9.525940e-003
1.873988e+003,9.598968e-003
1.874470e+003,9.639145e-003
1.874952e+003,9.633148e-003
1.875434e+003,9.585960e-003
1.875916e+003,9.516863e-003
1.876398e+003,9.450148e-003
1.876881e+003,9.401625e-003
1.877363e+003,9.375148e-003
1.877845e+003,9.362486e-003
1.878327e+003,9.353142e-003
1.878809e+003,9.341631e-003
1.879291e+003,9.332897e-003
1.879773e+003,9.337434e-003
1.880255e+003,9.364822e-003
1.880738e+003,9.415000e-003
1.881220e+003,9.476190e-003
1.881702e+003,9.528988e-003
1.882184e+003,9.555779e-003
1.882666e+003,9.549480e-003
1.883148e+003,9.516728e-003
1.883630e+003,9.473582e-003
1.884112e+003,9.437382e-003
1.884594e+003,9.418623e-003
1.885077e+003,9.416625e-003
1.885559e+003,9.423296e-003
1.886041e+003,9.429730e-003
1.886523e+003,9.433319e-003
1.887005e+003,9.438939e-003
1.887487e+003,9.454550e-003
1.887969e+003,9.484216e-003
1.888451e+003,9.522147e-003
1.888934e+003,9.552223e-003
1.889416e+003,9.557710e-003
1.889898e+003,9.529056e-003
1.890380e+003,9.472228e-003
1.890862e+003,9.404233e-003
1.891344e+003,9.344881e-003
1.891826e+003,9.304122e-003
1.892308e+003,9.278430e-003
1.892791e+003,9.252400e-003
1.893272e+003,9.208975e-003
1.893755e+003,9.139871e-003
1.894237e+003,9.054098e-003
1.894719e+003,8.974770e-003
1.895201e+003,8.930934e-003
1.895683e+003,8.941554e-003
1.896165e+003,9.005079e-003
1.896647e+003,9.100688e-003
1.897129e+003,9.198349e-003
1.897612e+003,9.274232e-003
1.898094e+003,9.317629e-003
1.898576e+003,9.334047e-003
1.899058e+003,9.337163e-003
1.899540e+003,9.339600e-003
1.900022e+003,9.344136e-003
1.900504e+003,9.343087e-003
1.900986e+003,9.324907e-003
1.901469e+003,9.284116e-003
1.901951e+003,9.226880e-003
1.902433e+003,9.170835e-003
1.902915e+003,9.134965e-003
1.903397e+003,9.130126e-003
1.903879e+003,9.151816e-003
1.904361e+003,9.183323e-003
1.904843e+003,9.203561e-003
1.905325e+003,9.200887e-003
1.905808e+003,9.179194e-003
1.906290e+003,9.157265e-003
1.906772e+003,9.157401e-003
1.907254e+003,9.192798e-003
1.907736e+003,9.258864e-003
1.908218e+003,9.334386e-003
1.908700e+003,9.391976e-003
1.909182e+003,9.410530e-003
1.909665e+003,9.387405e-003
1.910147e+003,9.336418e-003
1.910629e+003,9.279377e-003
1.911111e+003,9.231145e-003
1.911593e+003,9.193577e-003
1.912075e+003,9.155437e-003
1.912557e+003,9.103903e-003
1.913039e+003,9.035593e-003
1.913521e+003,8.963168e-003
1.914004e+003,8.911182e-003
1.914486e+003,8.907969e-003
1.914968e+003,8.968986e-003
1.915450e+003,9.090436e-003
1.915932e+003,9.246612e-003
1.916414e+003,9.401930e-003
1.916896e+003,9.524958e-003
1.917378e+003,9.600390e-003
1.917861e+003,9.634131e-003
1.918343e+003,9.645852e-003
1.918825e+003,9.653339e-003
1.919307e+003,9.661301e-003
1.919789e+003,9.660115e-003
1.920271e+003,9.634029e-003
1.920753e+003,9.573190e-003
1.921235e+003,9.480863e-003
1.921718e+003,9.375148e-003
1.922199e+003,9.279987e-003
1.922682e+003,9.214729e-003
1.923164e+003,9.181698e-003
1.923646e+003,9.167079e-003
1.924128e+003,9.148027e-003
1.924610e+003,9.108842e-003
1.925092e+003,9.047603e-003
1.925574e+003,8.977307e-003
1.926056e+003,8.916120e-003
1.926539e+003,8.879087e-003
1.927021e+003,8.870835e-003
1.927503e+003,8.884971e-003
1.927985e+003,8.910099e-003
1.928467e+003,8.938239e-003
1.928949e+003,8.968613e-003
1.929431e+003,9.005688e-003
1.929913e+003,9.050681e-003
1.930396e+003,9.096459e-003
1.930878e+003,9.124273e-003
1.931360e+003,9.113377e-003
1.931842e+003,9.051663e-003
1.932324e+003,8.945918e-003
1.932806e+003,8.822140e-003
1.933288e+003,8.715437e-003
1.933770e+003,8.656821e-003
1.934252e+003,8.655807e-003
1.934735e+003,8.696303e-003
1.935217e+003,8.745322e-003
1.935699e+003,8.771963e-003
1.936181e+003,8.761752e-003
1.936663e+003,8.724260e-003
1.937145e+003,8.686568e-003
1.937627e+003,8.679063e-003
1.938109e+003,8.717329e-003
1.938592e+003,8.795428e-003
1.939074e+003,8.889030e-003
1.939556e+003,8.971252e-003
1.940038e+003,9.027304e-003
1.940520e+003,9.062320e-003
1.941002e+003,9.097304e-003
1.941484e+003,9.156995e-003
1.941966e+003,9.252163e-003
1.942448e+003,9.372203e-003
1.942931e+003,9.489330e-003
1.943413e+003,9.575662e-003
1.943895e+003,9.619699e-003
1.944377e+003,9.630607e-003
1.944859e+003,9.631454e-003
1.945341e+003,9.642397e-003
1.945823e+003,9.670347e-003
1.946305e+003,9.703076e-003
1.946788e+003,9.718120e-003
1.947270e+003,9.695487e-003
1.947752e+003,9.632064e-003
1.948234e+003,9.543146e-003
1.948716e+003,9.456210e-003
1.949198e+003,9.393127e-003
1.949680e+003,9.356290e-003
1.950162e+003,9.327243e-003
1.950645e+003,9.276669e-003
1.951126e+003,9.182646e-003
1.951609e+003,9.046520e-003
1.952091e+003,8.895962e-003
1.952573e+003,8.776291e-003
1.953055e+003,8.728824e-003
1.953537e+003,8.770037e-003
1.954019e+003,8.883619e-003
1.954501e+003,9.027474e-003
1.954983e+003,9.156520e-003
1.955466e+003,9.236559e-003
1.955948e+003,9.258222e-003
1.956430e+003,9.231009e-003
1.956912e+003,9.172967e-003
1.957394e+003,9.094834e-003
1.957876e+003,8.997061e-003
1.958358e+003,8.875874e-003
1.958840e+003,8.738020e-003
1.959323e+003,8.610617e-003
1.959805e+003,8.541338e-003
1.960287e+003,8.576416e-003
1.960769e+003,8.739743e-003
1.961251e+003,9.011777e-003
1.961733e+003,9.333879e-003
1.962215e+003,9.623493e-003
1.962697e+003,9.807990e-003
1.963179e+003,9.852626e-003
1.963662e+003,9.765222e-003
1.964144e+003,9.591007e-003
1.964626e+003,9.387642e-003
1.965108e+003,9.208975e-003
1.965590e+003,9.086240e-003
1.966072e+003,9.030248e-003
1.966554e+003,9.042697e-003
1.967036e+003,9.127724e-003
1.967519e+003,9.290176e-003
1.968001e+003,9.525432e-003
1.968483e+003,9.807345e-003
1.968965e+003,1.008005e-002
1.969447e+003,1.027183e-002
1.969929e+003,1.032286e-002
1.970411e+003,1.020520e-002
1.970893e+003,9.940896e-003
1.971375e+003,9.595376e-003
1.971858e+003,9.261438e-003
1.972340e+003,9.019625e-003
1.972822e+003,8.908747e-003
1.973304e+003,8.919535e-003
1.973786e+003,9.009206e-003
1.974268e+003,9.131886e-003
1.974750e+003,9.261370e-003
1.975232e+003,9.402608e-003
1.975715e+003,9.578033e-003
1.976197e+003,9.803110e-003
1.976679e+003,1.006591e-002
1.977161e+003,1.032333e-002
1.977643e+003,1.051624e-002
1.978125e+003,1.060061e-002
1.978607e+003,1.056034e-002
1.979089e+003,1.041682e-002
1.979572e+003,1.021178e-002
1.980053e+003,9.992971e-003
1.980536e+003,9.794196e-003
1.981018e+003,9.629354e-003
1.981500e+003,9.501725e-003
1.981982e+003,9.411580e-003
1.982464e+003,9.363129e-003
1.982946e+003,9.363536e-003
1.983428e+003,9.413714e-003
1.983910e+003,9.498270e-003
1.984393e+003,9.585350e-003
1.984875e+003,9.638467e-003
1.985357e+003,9.628541e-003
1.985839e+003,9.547922e-003
1.986321e+003,9.414188e-003
1.986803e+003,9.263637e-003
1.987285e+003,9.133070e-003
1.987767e+003,9.042528e-003
1.988250e+003,8.990161e-003
1.988732e+003,8.956437e-003
1.989214e+003,8.922140e-003
1.989696e+003,8.880913e-003
1.990178e+003,8.846994e-003
1.990660e+003,8.847536e-003
1.991142e+003,8.905534e-003
1.991624e+003,9.023245e-003
1.992106e+003,9.175810e-003
1.992589e+003,9.321657e-003
1.993071e+003,9.426614e-003
1.993553e+003,9.478729e-003
1.994035e+003,9.495527e-003
1.994517e+003,9.509210e-003
1.994999e+003,9.554560e-003
1.995481e+003,9.645615e-003
1.995963e+003,9.770542e-003
1.996446e+003,9.895539e-003
1.996928e+003,9.983512e-003
1.997410e+003,1.001118e-002
1.997892e+003,9.975986e-003
1.998374e+003,9.896352e-003
1.998856e+003,9.796400e-003
1.999338e+003,9.696876e-003
1.999820e+003,9.604658e-003
2.000302e+003,9.517846e-003
2.000785e+003,9.436671e-003
2.001267e+003,9.371695e-003
2.001749e+003,9.345287e-003
2.002231e+003,9.380498e-003
2.002713e+003,9.485265e-003
2.003195e+003,9.639178e-003
2.003677e+003,9.794400e-003
2.004159e+003,9.897064e-003
2.004642e+003,9.904318e-003
2.005124e+003,9.810193e-003
2.005606e+003,9.647478e-003
2.006088e+003,9.478323e-003
2.006570e+003,9.362892e-003
2.007052e+003,9.333879e-003
2.007534e+003,9.386829e-003
2.008016e+003,9.488584e-003
2.008499e+003,9.601203e-003
2.008980e+003,9.702669e-003
2.009463e+003,9.795484e-003
2.009945e+003,9.895504e-003
2.010427e+003,1.001081e-002
2.010909e+003,1.012739e-002
2.011391e+003,1.020636e-002
2.011873e+003,1.020079e-002
2.012355e+003,1.008520e-002
2.012837e+003,9.871980e-003
2.013320e+003,9.617632e-003
2.013802e+003,9.400000e-003
2.014284e+003,9.296167e-003
2.014766e+003,9.342917e-003
2.015248e+003,9.524348e-003
2.015730e+003,9.778675e-003
2.016212e+003,1.003203e-002
2.016694e+003,1.022342e-002
2.017177e+003,1.032931e-002
2.017659e+003,1.036192e-002
2.018141e+003,1.035459e-002
2.018623e+003,1.033670e-002
2.019105e+003,1.031733e-002
2.019587e+003,1.028577e-002
2.020069e+003,1.022284e-002
2.020551e+003,1.011820e-002
2.021033e+003,9.979986e-003
2.021516e+003,9.833341e-003
2.021998e+003,9.709514e-003
2.022480e+003,9.633657e-003
2.022962e+003,9.615838e-003
2.023444e+003,9.653170e-003
2.023926e+003,9.740349e-003
2.024408e+003,9.875743e-003
2.024890e+003,1.006245e-002
2.025373e+003,1.029907e-002
2.025855e+003,1.056842e-002
2.026337e+003,1.083284e-002
2.026819e+003,1.104082e-002
2.027301e+003,1.114786e-002
2.027783e+003,1.113154e-002
2.028265e+003,1.100650e-002
2.028747e+003,1.081809e-002
2.029229e+003,1.063228e-002
2.029712e+003,1.050789e-002
2.030194e+003,1.047663e-002
2.030676e+003,1.053990e-002
2.031158e+003,1.067361e-002
2.031640e+003,1.084517e-002
2.032122e+003,1.102393e-002
2.032604e+003,1.119121e-002
2.033086e+003,1.133185e-002
2.033569e+003,1.143008e-002
2.034051e+003,1.146903e-002
2.034533e+003,1.143484e-002
2.035015e+003,1.132763e-002
2.035497e+003,1.116666e-002
2.035979e+003,1.099199e-002
2.036461e+003,1.084931e-002
2.036943e+003,1.077353e-002
2.037426e+003,1.077611e-002
2.037907e+003,1.083977e-002
2.038390e+003,1.093252e-002
2.038872e+003,1.102322e-002
2.039354e+003,1.109979e-002
2.039836e+003,1.117373e-002
2.040318e+003,1.127101e-002
2.040800e+003,1.141311e-002
2.041282e+003,1.160225e-002
2.041764e+003,1.181407e-002
2.042247e+003,1.201027e-002
2.042729e+003,1.215346e-002
2.043211e+003,1.222553e-002
2.043693e+003,1.223197e-002
2.044175e+003,1.219629e-002
2.044657e+003,1.214330e-002
2.045139e+003,1.208491e-002
2.045622e+003,1.201538e-002
2.046104e+003,1.191960e-002
2.046586e+003,1.178874e-002
2.047068e+003,1.163407e-002
2.047550e+003,1.148839e-002
2.048032e+003,1.139175e-002
2.048514e+003,1.137348e-002
2.048996e+003,1.143046e-002
2.049479e+003,1.152596e-002
2.049960e+003,1.160255e-002
2.050443e+003,1.161147e-002
2.050925e+003,1.152817e-002
2.051407e+003,1.136549e-002
2.051889e+003,1.116323e-002
2.052371e+003,1.097547e-002
2.052853e+003,1.084690e-002
2.053335e+003,1.079591e-002
2.053817e+003,1.081351e-002
2.054300e+003,1.087140e-002
2.054782e+003,1.093959e-002
2.055264e+003,1.099742e-002
2.055746e+003,1.104025e-002
2.056228e+003,1.107488e-002
2.056710e+003,1.110969e-002
2.057192e+003,1.114691e-002
2.057674e+003,1.118138e-002
2.058156e+003,1.120556e-002
2.058639e+003,1.121644e-002
2.059121e+003,1.121950e-002
2.059603e+003,1.122708e-002
2.060085e+003,1.124989e-002
2.060567e+003,1.129060e-002
2.061049e+003,1.133960e-002
2.061531e+003,1.138093e-002
2.062013e+003,1.140018e-002
2.062496e+003,1.139508e-002
2.062978e+003,1.137787e-002
2.063460e+003,1.137120e-002
2.063942e+003,1.139518e-002
2.064424e+003,1.145495e-002
2.064906e+003,1.153548e-002
2.065388e+003,1.160667e-002
2.065870e+003,1.163553e-002
2.066353e+003,1.160031e-002
2.066835e+003,1.150193e-002
2.067317e+003,1.136181e-002
2.067799e+003,1.121477e-002
2.068281e+003,1.109330e-002
2.068763e+003,1.102026e-002
2.069245e+003,1.100289e-002
2.069727e+003,1.103647e-002
2.070209e+003,1.111026e-002
2.070692e+003,1.121355e-002
2.071174e+003,1.133695e-002
2.071656e+003,1.146903e-002
2.072138e+003,1.159370e-002
2.072620e+003,1.169091e-002
2.073102e+003,1.173972e-002
2.073584e+003,1.172777e-002
2.074066e+003,1.165626e-002
2.074549e+003,1.154178e-002
2.075031e+003,1.140855e-002
2.075513e+003,1.128152e-002
2.075995e+003,1.117537e-002
2.076477e+003,1.109072e-002
2.076959e+003,1.101720e-002
2.077441e+003,1.094298e-002
2.077923e+003,1.086297e-002
2.078406e+003,1.078426e-002
2.078887e+003,1.072245e-002
2.079370e+003,1.069388e-002
2.079852e+003,1.070645e-002
2.080334e+003,1.075478e-002
2.080816e+003,1.082200e-002
2.081298e+003,1.088648e-002
2.081780e+003,1.093327e-002
2.082262e+003,1.095739e-002
2.082744e+003,1.096443e-002
2.083227e+003,1.096375e-002
2.083709e+003,1.096116e-002
2.084191e+003,1.095294e-002
2.084673e+003,1.092780e-002
2.085155e+003,1.087153e-002
2.085637e+003,1.077614e-002
2.086119e+003,1.064614e-002
2.086601e+003,1.049903e-002
2.087083e+003,1.035917e-002
2.087566e+003,1.024876e-002
2.088048e+003,1.018139e-002
2.088530e+003,1.015734e-002
2.089012e+003,1.016541e-002
2.089494e+003,1.018783e-002
2.089976e+003,1.020707e-002
2.090458e+003,1.020982e-002
2.090940e+003,1.018923e-002
2.091423e+003,1.014405e-002
2.091905e+003,1.007869e-002
2.092387e+003,1.000189e-002
2.092869e+003,9.925607e-003
2.093351e+003,9.865201e-003
2.093833e+003,9.835307e-003
2.094315e+003,9.845000e-003
2.094797e+003,9.894352e-003
2.095280e+003,9.972324e-003
2.095762e+003,1.006041e-002
2.096244e+003,1.013767e-002
2.096726e+003,1.019001e-002
2.097208e+003,1.021277e-002
2.097690e+003,1.021124e-002
2.098172e+003,1.019516e-002
2.098654e+003,1.017233e-002
2.099136e+003,1.014401e-002
2.099619e+003,1.010457e-002
2.100101e+003,1.004563e-002
2.100583e+003,9.961746e-003
2.101065e+003,9.855575e-003
2.101547e+003,9.738553e-003
2.102029e+003,9.625763e-003
2.102511e+003,9.529700e-003
2.102993e+003,9.455465e-003
2.103476e+003,9.398781e-003
2.103958e+003,9.351178e-003
2.104440e+003,9.304698e-003
2.104922e+003,9.258661e-003
2.105404e+003,9.220110e-003
2.105886e+003,9.200176e-003
2.106368e+003,9.206709e-003
2.106850e+003,9.240316e-003
2.107333e+003,9.292004e-003
2.107814e+003,9.347759e-003
2.108297e+003,9.394820e-003
2.108779e+003,9.428070e-003
2.109261e+003,9.450081e-003
2.109743e+003,9.469179e-003
2.110225e+003,9.492953e-003
2.110707e+003,9.521876e-003
2.111189e+003,9.548903e-003
2.111671e+003,9.561606e-003
2.112154e+003,9.549852e-003
2.112636e+003,9.509717e-003
2.113118e+003,9.446457e-003
2.113600e+003,9.371865e-003
2.114082e+003,9.299383e-003
2.114564e+003,9.237135e-003
2.115046e+003,9.186064e-003
2.115528e+003,9.140041e-003
2.116010e+003,9.091687e-003
2.116493e+003,9.034511e-003
2.116975e+003,8.967666e-003
2.117457e+003,8.894576e-003
2.117939e+003,8.820619e-003
2.118421e+003,8.750325e-003
2.118903e+003,8.685350e-003
2.119385e+003,8.626063e-003
2.119867e+003,8.573240e-003
2.120350e+003,8.528464e-003
2.120832e+003,8.495011e-003
2.121314e+003,8.474333e-003
2.121796e+003,8.463758e-003
2.122278e+003,8.454062e-003
2.122760e+003,8.433690e-003
2.123242e+003,8.391226e-003
2.123724e+003,8.322082e-003
2.124207e+003,8.230258e-003
2.124689e+003,8.128291e-003
2.125171e+003,8.031815e-003
2.125653e+003,7.952032e-003
2.126135e+003,7.892879e-003
2.126617e+003,7.848274e-003
2.127099e+003,7.808060e-003
2.127581e+003,7.761238e-003
2.128063e+003,7.702853e-003
2.128546e+003,7.634359e-003
2.129028e+003,7.562672e-003
2.129510e+003,7.495077e-003
2.129992e+003,7.436357e-003
2.130474e+003,7.387687e-003
2.130956e+003,7.349605e-003
2.131438e+003,7.323725e-003
2.131920e+003,7.315300e-003
2.132403e+003,7.330970e-003
2.132885e+003,7.374881e-003
2.133367e+003,7.441884e-003
2.133849e+003,7.518372e-003
2.134331e+003,7.582565e-003
2.134813e+003,7.612609e-003
2.135295e+003,7.595445e-003
2.135777e+003,7.529430e-003
2.136260e+003,7.424324e-003
2.136741e+003,7.295690e-003
2.137224e+003,7.157123e-003
2.137706e+003,7.015839e-003
2.138188e+003,6.872547e-003
2.138670e+003,6.727452e-003
2.139152e+003,6.582137e-003
2.139634e+003,6.444873e-003
2.140116e+003,6.324967e-003
2.140598e+003,6.227782e-003
2.141081e+003,6.149405e-003
2.141563e+003,6.075981e-003
2.142045e+003,5.991382e-003
2.142527e+003,5.885036e-003
2.143009e+003,5.760214e-003
2.143491e+003,5.634723e-003
2.143973e+003,5.534840e-003
2.144455e+003,5.482055e-003
2.144938e+003,5.482559e-003
2.145420e+003,5.524639e-003
2.145902e+003,5.585719e-003
2.146384e+003,5.645868e-003
2.146866e+003,5.699881e-003
2.147348e+003,5.761322e-003
2.147830e+003,5.854809e-003
2.148312e+003,6.001259e-003
2.148794e+003,6.200960e-003
2.149277e+003,6.429808e-003
2.149759e+003,6.644543e-003
2.150241e+003,6.803275e-003
2.150723e+003,6.878371e-003
2.151205e+003,6.868844e-003
2.151687e+003,6.795601e-003
2.152169e+003,6.687005e-003
2.152651e+003,6.559699e-003
2.153134e+003,6.407344e-003
2.153616e+003,6.202708e-003
2.154098e+003,5.914928e-003
2.154580e+003,5.529203e-003
2.155062e+003,5.065972e-003
2.155544e+003,4.578790e-003
2.156026e+003,4.147581e-003
2.156508e+003,3.850595e-003
2.156990e+003,3.736717e-003
2.157473e+003,3.815128e-003
2.157955e+003,4.053825e-003
2.158437e+003,4.401322e-003
2.158919e+003,4.797638e-003
2.159401e+003,5.193947e-003
2.159883e+003,5.554003e-003
2.160365e+003,5.849604e-003
2.160847e+003,6.062003e-003
2.161330e+003,6.183752e-003
2.161812e+003,6.227648e-003
2.162294e+003,6.228892e-003
2.162776e+003,6.242068e-003
2.163258e+003,6.328027e-003
2.163740e+003,6.527946e-003
2.164222e+003,6.851441e-003
2.164704e+003,7.265297e-003
2.165187e+003,7.712701e-003
2.165668e+003,8.126839e-003
2.166151e+003,8.455515e-003
2.166633e+003,8.679300e-003
2.167115e+003,8.807296e-003
2.167597e+003,8.870091e-003
2.168079e+003,8.900596e-003
2.168561e+003,8.923628e-003
2.169043e+003,8.950145e-003
2.169525e+003,8.979911e-003
2.170008e+003,9.009815e-003
2.170490e+003,9.039179e-003
2.170972e+003,9.070778e-003
2.171454e+003,9.106372e-003
2.171936e+003,9.142037e-003
2.172418e+003,9.166470e-003
2.172900e+003,9.165725e-003
2.173382e+003,9.130363e-003
2.173865e+003,9.064079e-003
2.174347e+003,8.985662e-003
2.174829e+003,8.919130e-003
2.175311e+003,8.887812e-003
2.175793e+003,8.900156e-003
2.176275e+003,8.946357e-003
2.176757e+003,9.004605e-003
2.177239e+003,9.053084e-003
2.177721e+003,9.081335e-003
2.178204e+003,9.095477e-003
2.178686e+003,9.115339e-003
2.179168e+003,9.162172e-003
2.179650e+003,9.249590e-003
2.180132e+003,9.373760e-003
2.180614e+003,9.517372e-003
2.181096e+003,9.657676e-003
2.181578e+003,9.778980e-003
2.182061e+003,9.877404e-003
2.182543e+003,9.961068e-003
2.183025e+003,1.004102e-002
2.183507e+003,1.012319e-002
2.183989e+003,1.020239e-002
2.184471e+003,1.026596e-002
2.184953e+003,1.029948e-002
2.185435e+003,1.029874e-002
2.185917e+003,1.027180e-002
2.186400e+003,1.023936e-002
2.186882e+003,1.022400e-002
2.187364e+003,1.024306e-002
2.187846e+003,1.030050e-002
2.188328e+003,1.038879e-002
2.188810e+003,1.049353e-002
2.189292e+003,1.060169e-002
2.189774e+003,1.070771e-002
2.190257e+003,1.081205e-002
2.190739e+003,1.091886e-002
2.191221e+003,1.102964e-002
2.191703e+003,1.113984e-002
2.192185e+003,1.124058e-002
2.192667e+003,1.132270e-002
2.193149e+003,1.138062e-002
2.193631e+003,1.141600e-002
2.194114e+003,1.143610e-002
2.194595e+003,1.145029e-002
2.195078e+003,1.146512e-002
2.195560e+003,1.148414e-002
2.196042e+003,1.150741e-002
2.196524e+003,1.153609e-002
2.197006e+003,1.157390e-002
2.197488e+003,1.162505e-002
2.197970e+003,1.169084e-002
2.198452e+003,1.176518e-002
2.198935e+003,1.183185e-002
2.199417e+003,1.187063e-002
2.199899e+003,1.186324e-002
2.200381e+003,1.180239e-002
2.200863e+003,1.169904e-002
2.201345e+003,1.157982e-002
2.201827e+003,1.147856e-002
2.202309e+003,1.142284e-002
2.202792e+003,1.142593e-002
2.203274e+003,1.148189e-002
2.203756e+003,1.156978e-002
2.204238e+003,1.166340e-002
2.204720e+003,1.174360e-002
2.205202e+003,1.180205e-002
2.205684e+003,1.184131e-002
2.206166e+003,1.186981e-002
2.206648e+003,1.189402e-002
2.207131e+003,1.191459e-002
2.207613e+003,1.192791e-002
2.208095e+003,1.192972e-002
2.208577e+003,1.192147e-002
2.209059e+003,1.191109e-002
2.209541e+003,1.191184e-002
2.210023e+003,1.193503e-002
2.210505e+003,1.198424e-002
2.210988e+003,1.205240e-002
2.211470e+003,1.212507e-002
2.211952e+003,1.218494e-002
2.212434e+003,1.221834e-002
2.212916e+003,1.222015e-002
2.213398e+003,1.219193e-002
2.213880e+003,1.213901e-002
2.214362e+003,1.206583e-002
2.214844e+003,1.197498e-002
2.215327e+003,1.186849e-002
2.215809e+003,1.175109e-002
2.216291e+003,1.163441e-002
2.216773e+003,1.153473e-002
2.217255e+003,1.146914e-002
2.217737e+003,1.144821e-002
2.218219e+003,1.147138e-002
2.218701e+003,1.152647e-002
2.219184e+003,1.159244e-002
2.219666e+003,1.165071e-002
2.220148e+003,1.168958e-002
2.220630e+003,1.170782e-002
2.221112e+003,1.171242e-002
2.221594e+003,1.171235e-002
2.222076e+003,1.171126e-002
2.222558e+003,1.170456e-002
2.223041e+003,1.168127e-002
2.223522e+003,1.162934e-002
2.224005e+003,1.154382e-002
2.224487e+003,1.142964e-002
2.224969e+003,1.130304e-002
2.225451e+003,1.118550e-002
2.225933e+003,1.109993e-002
2.226415e+003,1.106434e-002
2.226897e+003,1.108970e-002
2.227379e+003,1.118213e-002
2.227862e+003,1.134260e-002
2.228344e+003,1.156689e-002
2.228826e+003,1.184346e-002
2.229308e+003,1.215301e-002
2.229790e+003,1.246746e-002
2.230272e+003,1.275242e-002
2.230754e+003,1.297881e-002
2.231236e+003,1.312614e-002
2.231719e+003,1.319250e-002
2.232201e+003,1.319349e-002
2.232683e+003,1.315903e-002
2.233165e+003,1.312211e-002
2.233647e+003,1.310808e-002
2.234129e+003,1.312867e-002
2.234611e+003,1.317997e-002
2.235093e+003,1.324746e-002
2.235575e+003,1.331258e-002
2.236058e+003,1.336130e-002
2.236540e+003,1.338655e-002
2.237022e+003,1.338901e-002
2.237504e+003,1.337323e-002
2.237986e+003,1.334469e-002
2.238468e+003,1.330745e-002
2.238950e+003,1.326437e-002
2.239432e+003,1.321843e-002
2.239915e+003,1.317399e-002
2.240397e+003,1.313666e-002
2.240879e+003,1.311252e-002
2.241361e+003,1.310463e-002
2.241843e+003,1.311293e-002
2.242325e+003,1.313352e-002
2.242807e+003,1.316074e-002
2.243289e+003,1.318837e-002
2.243771e+003,1.321180e-002
2.244254e+003,1.322850e-002
2.244736e+003,1.323643e-002
2.245218e+003,1.323441e-002
2.245700e+003,1.322198e-002
2.246182e+003,1.319889e-002
2.246664e+003,1.316788e-002
2.247146e+003,1.313304e-002
2.247628e+003,1.310063e-002
2.248111e+003,1.307516e-002
2.248593e+003,1.305850e-002
2.249075e+003,1.304791e-002
2.249557e+003,1.303733e-002
2.250039e+003,1.302029e-002
2.250521e+003,1.299291e-002
2.251003e+003,1.295576e-002
2.251485e+003,1.291466e-002
2.251968e+003,1.287865e-002
2.252449e+003,1.285500e-002
2.252932e+003,1.284835e-002
2.253414e+003,1.285804e-002
2.253896e+003,1.287975e-002
2.254378e+003,1.290804e-002
2.254860e+003,1.293805e-002
2.255342e+003,1.296641e-002
2.255824e+003,1.299110e-002
2.256306e+003,1.300950e-002
2.256789e+003,1.301783e-002
2.257271e+003,1.301179e-002
2.257753e+003,1.298833e-002
2.258235e+003,1.294754e-002
2.258717e+003,1.289425e-002
2.259199e+003,1.283688e-002
2.259681e+003,1.278467e-002
2.260163e+003,1.274440e-002
2.260646e+003,1.271864e-002
2.261128e+003,1.270442e-002
2.261610e+003,1.269630e-002
2.262092e+003,1.268903e-002
2.262574e+003,1.267995e-002
2.263056e+003,1.267026e-002
2.263538e+003,1.266303e-002
2.264020e+003,1.266129e-002
2.264502e+003,1.266559e-002
2.264985e+003,1.267391e-002
2.265467e+003,1.268227e-002
2.265949e+003,1.268756e-002
2.266431e+003,1.269026e-002
2.266913e+003,1.269459e-002
2.267395e+003,1.270762e-002
2.267877e+003,1.273727e-002
2.268359e+003,1.278910e-002
2.268842e+003,1.286401e-002
2.269324e+003,1.295788e-002
2.269806e+003,1.306174e-002
2.270288e+003,1.316354e-002
2.270770e+003,1.324965e-002
2.271252e+003,1.330721e-002
2.271734e+003,1.332676e-002
2.272216e+003,1.330400e-002
2.272698e+003,1.324169e-002
2.273181e+003,1.314995e-002
2.273663e+003,1.304545e-002
2.274145e+003,1.294726e-002
2.274627e+003,1.287220e-002
2.275109e+003,1.283108e-002
2.275591e+003,1.282592e-002
2.276073e+003,1.285009e-002
2.276555e+003,1.289149e-002
2.277038e+003,1.293764e-002
2.277520e+003,1.297888e-002
2.278002e+003,1.301039e-002
2.278484e+003,1.303193e-002
2.278966e+003,1.304467e-002
2.279448e+003,1.304934e-002
2.279930e+003,1.304422e-002
2.280412e+003,1.302688e-002
2.280895e+003,1.299485e-002
2.281376e+003,1.294918e-002
2.281859e+003,1.289432e-002
2.282341e+003,1.283784e-002
2.282823e+003,1.278736e-002
2.283305e+003,1.274891e-002
2.283787e+003,1.272437e-002
2.284269e+003,1.271291e-002
2.284751e+003,1.271131e-002
2.285233e+003,1.271625e-002
2.285716e+003,1.272594e-002
2.286198e+003,1.273925e-002
2.286680e+003,1.275484e-002
2.287162e+003,1.277023e-002
2.287644e+003,1.278085e-002
2.288126e+003,1.278125e-002
2.288608e+003,1.276645e-002
2.289090e+003,1.273338e-002
2.289573e+003,1.268221e-002
2.290055e+003,1.261562e-002
2.290537e+003,1.253812e-002
2.291019e+003,1.245417e-002
2.291501e+003,1.236855e-002
2.291983e+003,1.228582e-002
2.292465e+003,1.221067e-002
2.292947e+003,1.214889e-002
2.293429e+003,1.210525e-002
2.293912e+003,1.208211e-002
2.294394e+003,1.207816e-002
2.294876e+003,1.208753e-002
2.295358e+003,1.210187e-002
2.295840e+003,1.211295e-002
2.296322e+003,1.211710e-002
2.296804e+003,1.211598e-002
2.297286e+003,1.211686e-002
2.297769e+003,1.212831e-002
2.298251e+003,1.215622e-002
2.298733e+003,1.219970e-002
2.299215e+003,1.225085e-002
2.299697e+003,1.229571e-002
2.300179e+003,1.231994e-002
2.300661e+003,1.231422e-002
2.301143e+003,1.227601e-002
2.301625e+003,1.221030e-002
2.302108e+003,1.212671e-002
2.302590e+003,1.203619e-002
2.303072e+003,1.194654e-002
2.303554e+003,1.186280e-002
2.304036e+003,1.178810e-002
2.304518e+003,1.172508e-002
2.305000e+003,1.167767e-002
2.305482e+003,1.164979e-002
2.305965e+003,1.164244e-002
2.306447e+003,1.165166e-002
2.306929e+003,1.166722e-002
2.307411e+003,1.167508e-002
2.307893e+003,1.166126e-002
2.308375e+003,1.161834e-002
2.308857e+003,1.154814e-002
2.309339e+003,1.146335e-002
2.309822e+003,1.138158e-002
2.310303e+003,1.132029e-002
2.310786e+003,1.129080e-002
2.311268e+003,1.129431e-002
2.311750e+003,1.132250e-002
2.312232e+003,1.136212e-002
2.312714e+003,1.140137e-002
2.313196e+003,1.143195e-002
2.313678e+003,1.145206e-002
2.314160e+003,1.146383e-002
2.314643e+003,1.147043e-002
2.315125e+003,1.147261e-002
2.315607e+003,1.146791e-002
2.316089e+003,1.145070e-002
2.316571e+003,1.141488e-002
2.317053e+003,1.135552e-002
2.317535e+003,1.127128e-002
2.318017e+003,1.116466e-002
2.318500e+003,1.104225e-002
2.318982e+003,1.091444e-002
2.319464e+003,1.079282e-002
2.319946e+003,1.069015e-002
2.320428e+003,1.061758e-002
2.320910e+003,1.058234e-002
2.321392e+003,1.058604e-002
2.321874e+003,1.062342e-002
2.322356e+003,1.068336e-002
2.322839e+003,1.075053e-002
2.323321e+003,1.080919e-002
2.323803e+003,1.084738e-002
2.324285e+003,1.085682e-002
2.324767e+003,1.083508e-002
2.325249e+003,1.078379e-002
2.325731e+003,1.070869e-002
2.326213e+003,1.061925e-002
2.326696e+003,1.052799e-002
2.327178e+003,1.045083e-002
2.327660e+003,1.040376e-002
2.328142e+003,1.040043e-002
2.328624e+003,1.044628e-002
2.329106e+003,1.053634e-002
2.329588e+003,1.065371e-002
2.330070e+003,1.077468e-002
2.330552e+003,1.087741e-002
2.331035e+003,1.094774e-002
2.331517e+003,1.098502e-002
2.331999e+003,1.100024e-002
2.332481e+003,1.101054e-002
2.332963e+003,1.102798e-002
2.333445e+003,1.105619e-002
2.333927e+003,1.108637e-002
2.334409e+003,1.110251e-002
2.334892e+003,1.108790e-002
2.335374e+003,1.103290e-002
2.335856e+003,1.093904e-002
2.336338e+003,1.082098e-002
2.336820e+003,1.069993e-002
2.337302e+003,1.059541e-002
2.337784e+003,1.052140e-002
2.338266e+003,1.048186e-002
2.338749e+003,1.047283e-002
2.339230e+003,1.048647e-002
2.339713e+003,1.051651e-002
2.340195e+003,1.055953e-002
2.340677e+003,1.061670e-002
2.341159e+003,1.069120e-002
2.341641e+003,1.078633e-002
2.342123e+003,1.090558e-002
2.342605e+003,1.105088e-002
2.343087e+003,1.122419e-002
2.343570e+003,1.142563e-002
2.344052e+003,1.165204e-002
2.344534e+003,1.189532e-002
2.345016e+003,1.214293e-002
2.345498e+003,1.238243e-002
2.345980e+003,1.260433e-002
2.346462e+003,1.280538e-002
2.346944e+003,1.298881e-002
2.347427e+003,1.316053e-002
2.347909e+003,1.332645e-002
2.348391e+003,1.349004e-002
2.348873e+003,1.365016e-002
2.349355e+003,1.380306e-002
2.349837e+003,1.394185e-002
2.350319e+003,1.405973e-002
2.350801e+003,1.415434e-002
2.351283e+003,1.422979e-002
2.351766e+003,1.429906e-002
2.352248e+003,1.437851e-002
2.352730e+003,1.448319e-002
2.353212e+003,1.461894e-002
2.353694e+003,1.478062e-002
2.354176e+003,1.495394e-002
2.354658e+003,1.512216e-002
2.355140e+003,1.527417e-002
2.355623e+003,1.540859e-002
2.356105e+003,1.553415e-002
2.356587e+003,1.566649e-002
2.357069e+003,1.582316e-002
2.357551e+003,1.601756e-002
2.358033e+003,1.625491e-002
2.358515e+003,1.653152e-002
2.358997e+003,1.683345e-002
2.359479e+003,1.713604e-002
2.359962e+003,1.740652e-002
2.360444e+003,1.761340e-002
2.360926e+003,1.773091e-002
2.361408e+003,1.774955e-002
2.361890e+003,1.768128e-002
2.362372e+003,1.755785e-002
2.362854e+003,1.742128e-002
2.363336e+003,1.730813e-002
2.363819e+003,1.723818e-002
2.364301e+003,1.720643e-002
2.364783e+003,1.719257e-002
2.365265e+003,1.716864e-002
2.365747e+003,1.711753e-002
2.366229e+003,1.703889e-002
2.366711e+003,1.694930e-002
2.367193e+003,1.687034e-002
2.367676e+003,1.681929e-002
2.368157e+003,1.679873e-002
2.368640e+003,1.679560e-002
2.369122e+003,1.678757e-002
2.369604e+003,1.675251e-002
2.370086e+003,1.667759e-002
2.370568e+003,1.656150e-002
2.371050e+003,1.641413e-002
2.371532e+003,1.624971e-002
2.372014e+003,1.608282e-002
2.372497e+003,1.592533e-002
2.372979e+003,1.578385e-002
2.373461e+003,1.566346e-002
2.373943e+003,1.556736e-002
2.374425e+003,1.549744e-002
2.374907e+003,1.545264e-002
2.375389e+003,1.542850e-002
2.375872e+003,1.541672e-002
2.376354e+003,1.540718e-002
2.376836e+003,1.539122e-002
2.377318e+003,1.536437e-002
2.377800e+003,1.532723e-002
2.378282e+003,1.528570e-002
2.378764e+003,1.524767e-002
2.379246e+003,1.522056e-002
2.379729e+003,1.520769e-002
2.380210e+003,1.520862e-002
2.380693e+003,1.521892e-002
2.381175e+003,1.523275e-002
2.381657e+003,1.524417e-002
2.382139e+003,1.524925e-002
2.382621e+003,1.524682e-002
2.383103e+003,1.523796e-002
2.383585e+003,1.522564e-002
2.384067e+003,1.521415e-002
2.384550e+003,1.520852e-002
2.385032e+003,1.521271e-002
2.385514e+003,1.522976e-002
2.385996e+003,1.526020e-002
2.386478e+003,1.530152e-002
2.386960e+003,1.534827e-002
2.387442e+003,1.539372e-002
2.387924e+003,1.543125e-002
2.388406e+003,1.545686e-002
2.388889e+003,1.546997e-002
2.389371e+003,1.547392e-002
2.389853e+003,1.547372e-002
2.390335e+003,1.547451e-002
2.390817e+003,1.547900e-002
2.391299e+003,1.548690e-002
2.391781e+003,1.549545e-002
2.392263e+003,1.550119e-002
2.392746e+003,1.550163e-002
2.393228e+003,1.549597e-002
2.393710e+003,1.548508e-002
2.394192e+003,1.547035e-002
2.394674e+003,1.545222e-002
2.395156e+003,1.542977e-002
2.395638e+003,1.540145e-002
2.396120e+003,1.536701e-002
2.396603e+003,1.532847e-002
2.397085e+003,1.529051e-002
2.397567e+003,1.525975e-002
2.398049e+003,1.524194e-002
2.398531e+003,1.523930e-002
2.399013e+003,1.525035e-002
2.399495e+003,1.526916e-002
2.399977e+003,1.528790e-002
2.400459e+003,1.529984e-002
2.400942e+003,1.530060e-002
2.401424e+003,1.528937e-002
2.401906e+003,1.526857e-002
2.402388e+003,1.524260e-002
2.402870e+003,1.521583e-002
2.403352e+003,1.519256e-002
2.403834e+003,1.517726e-002
2.404316e+003,1.517290e-002
2.404799e+003,1.518230e-002
2.405281e+003,1.520601e-002
2.405763e+003,1.524088e-002
2.406245e+003,1.528028e-002
2.406727e+003,1.531470e-002
2.407209e+003,1.533461e-002
2.407691e+003,1.533238e-002
2.408173e+003,1.530557e-002
2.408656e+003,1.525728e-002
2.409137e+003,1.519527e-002
2.409620e+003,1.512813e-002
2.410102e+003,1.506432e-002
2.410584e+003,1.500865e-002
2.411066e+003,1.496320e-002
2.411548e+003,1.492778e-002
2.412030e+003,1.490223e-002
2.412512e+003,1.488622e-002
2.412994e+003,1.488008e-002
2.413477e+003,1.488172e-002
2.413959e+003,1.488776e-002
2.414441e+003,1.489153e-002
2.414923e+003,1.488618e-002
2.415405e+003,1.486623e-002
2.415887e+003,1.483005e-002
2.416369e+003,1.478055e-002
2.416851e+003,1.472433e-002
2.417333e+003,1.466908e-002
2.417816e+003,1.462028e-002
2.418298e+003,1.458012e-002
2.418780e+003,1.454743e-002
2.419262e+003,1.451875e-002
2.419744e+003,1.449104e-002
2.420226e+003,1.446291e-002
2.420708e+003,1.443493e-002
2.421190e+003,1.440920e-002
2.421673e+003,1.438718e-002
2.422155e+003,1.436958e-002
2.422637e+003,1.435540e-002
2.423119e+003,1.434351e-002
2.423601e+003,1.433303e-002
2.424083e+003,1.432372e-002
2.424565e+003,1.431581e-002
2.425047e+003,1.430944e-002
2.425530e+003,1.430365e-002
2.426012e+003,1.429728e-002
2.426494e+003,1.428999e-002
2.426976e+003,1.428311e-002
2.427458e+003,1.428033e-002
2.427940e+003,1.428735e-002
2.428422e+003,1.430879e-002
2.428904e+003,1.434622e-002
2.429386e+003,1.439619e-002
2.429869e+003,1.445075e-002
2.430351e+003,1.450012e-002
2.430833e+003,1.453482e-002
2.431315e+003,1.455014e-002
2.431797e+003,1.454681e-002
2.432279e+003,1.453095e-002
2.432761e+003,1.451098e-002
2.433243e+003,1.449577e-002
2.433726e+003,1.449200e-002
2.434208e+003,1.450303e-002
2.434690e+003,1.452886e-002
2.435172e+003,1.456706e-002
2.435654e+003,1.461305e-002
2.436136e+003,1.465935e-002
2.436618e+003,1.469790e-002
2.437100e+003,1.472008e-002
2.437583e+003,1.471943e-002
2.438064e+003,1.469407e-002
2.438547e+003,1.464838e-002
2.439029e+003,1.459335e-002
2.439511e+003,1.454284e-002
2.439993e+003,1.450950e-002
2.440475e+003,1.450070e-002
2.440957e+003,1.451577e-002
2.441439e+003,1.454692e-002
2.441921e+003,1.458173e-002
2.442404e+003,1.460976e-002
2.442886e+003,1.462453e-002
2.443368e+003,1.462658e-002
2.443850e+003,1.462100e-002
2.444332e+003,1.461500e-002
2.444814e+003,1.461408e-002
2.445296e+003,1.462001e-002
2.445778e+003,1.463118e-002
2.446260e+003,1.464437e-002
2.446743e+003,1.465722e-002
2.447225e+003,1.466874e-002
2.447707e+003,1.467933e-002
2.448189e+003,1.469016e-002
2.448671e+003,1.470044e-002
2.449153e+003,1.470829e-002
2.449635e+003,1.471151e-002
2.450117e+003,1.470904e-002
2.450600e+003,1.470181e-002
2.451082e+003,1.469311e-002
2.451564e+003,1.468711e-002
2.452046e+003,1.468649e-002
2.452528e+003,1.469163e-002
2.453010e+003,1.470023e-002
2.453492e+003,1.470956e-002
2.453974e+003,1.471775e-002
2.454457e+003,1.472580e-002
2.454939e+003,1.473622e-002
2.455421e+003,1.475182e-002
2.455903e+003,1.477328e-002
2.456385e+003,1.479728e-002
2.456867e+003,1.481823e-002
2.457349e+003,1.483026e-002
2.457831e+003,1.483043e-002
2.458313e+003,1.482100e-002
2.458796e+003,1.480914e-002
2.459278e+003,1.480345e-002
2.459760e+003,1.481130e-002
2.460242e+003,1.483417e-002
2.460724e+003,1.486695e-002
2.461206e+003,1.490051e-002
2.461688e+003,1.492496e-002
2.462170e+003,1.493354e-002
2.462653e+003,1.492524e-002
2.463135e+003,1.490494e-002
2.463617e+003,1.488114e-002
2.464099e+003,1.486242e-002
2.464581e+003,1.485436e-002
2.465063e+003,1.485961e-002
2.465545e+003,1.487627e-002
2.466027e+003,1.490075e-002
2.466510e+003,1.492863e-002
2.466992e+003,1.495586e-002
2.467474e+003,1.497973e-002
2.467956e+003,1.499877e-002
2.468438e+003,1.501300e-002
2.468920e+003,1.502432e-002
2.469402e+003,1.503636e-002
2.469884e+003,1.505224e-002
2.470366e+003,1.507433e-002
2.470849e+003,1.510236e-002
2.471331e+003,1.513242e-002
2.471813e+003,1.515780e-002
2.472295e+003,1.517259e-002
2.472777e+003,1.517297e-002
2.473259e+003,1.516082e-002
2.473741e+003,1.514267e-002
2.474223e+003,1.512782e-002
2.474706e+003,1.512470e-002
2.475188e+003,1.513766e-002
2.475670e+003,1.516528e-002
2.476152e+003,1.520114e-002
2.476634e+003,1.523841e-002
2.477116e+003,1.527142e-002
2.477598e+003,1.529881e-002
2.478080e+003,1.532249e-002
2.478563e+003,1.534570e-002
2.479044e+003,1.536955e-002
2.479527e+003,1.539211e-002
2.480009e+003,1.540828e-002
2.480491e+003,1.541305e-002
2.480973e+003,1.540450e-002
2.481455e+003,1.538504e-002
2.481937e+003,1.536063e-002
2.482419e+003,1.533883e-002
2.482901e+003,1.532466e-002
2.483384e+003,1.531796e-002
2.483866e+003,1.531412e-002
2.484348e+003,1.530646e-002
2.484830e+003,1.529051e-002
2.485312e+003,1.526610e-002
2.485794e+003,1.523889e-002
2.486276e+003,1.521706e-002
2.486758e+003,1.520979e-002
2.487240e+003,1.522235e-002
2.487723e+003,1.525557e-002
2.488205e+003,1.530581e-002
2.488687e+003,1.536794e-002
2.489169e+003,1.543664e-002
2.489651e+003,1.550761e-002
2.490133e+003,1.557790e-002
2.490615e+003,1.564402e-002
2.491097e+003,1.570094e-002
2.491580e+003,1.574347e-002
2.492062e+003,1.576684e-002
2.492544e+003,1.576911e-002
2.493026e+003,1.575285e-002
2.493508e+003,1.572492e-002
2.493990e+003,1.569469e-002
2.494472e+003,1.567068e-002
2.494954e+003,1.565938e-002
2.495437e+003,1.566260e-002
2.495919e+003,1.567944e-002
2.496401e+003,1.570634e-002
2.496883e+003,1.573928e-002
2.497365e+003,1.577464e-002
2.497847e+003,1.580883e-002
2.498329e+003,1.583841e-002
2.498811e+003,1.586068e-002
2.499293e+003,1.587474e-002
2.499776e+003,1.588120e-002
2.500258e+003,1.588436e-002
2.500740e+003,1.589100e-002
2.501222e+003,1.590711e-002
2.501704e+003,1.593664e-002
2.502186e+003,1.597820e-002
2.502668e+003,1.602571e-002
2.503150e+003,1.606951e-002
2.503633e+003,1.610097e-002
2.504115e+003,1.611517e-002
2.504597e+003,1.611297e-002
2.505079e+003,1.610059e-002
2.505561e+003,1.608670e-002
2.506043e+003,1.607958e-002
2.506525e+003,1.608350e-002
2.507007e+003,1.609867e-002
2.507490e+003,1.612198e-002
2.507971e+003,1.614949e-002
2.508454e+003,1.617779e-002
2.508936e+003,1.620552e-002
2.509418e+003,1.623241e-002
2.509900e+003,1.625797e-002
2.510382e+003,1.628102e-002
2.510864e+003,1.629939e-002
2.511346e+003,1.631046e-002
2.511828e+003,1.631260e-002
2.512311e+003,1.630609e-002
2.512793e+003,1.629347e-002
2.513275e+003,1.627830e-002
2.513757e+003,1.626523e-002
2.514239e+003,1.625873e-002
2.514721e+003,1.626265e-002
2.515203e+003,1.627950e-002
2.515685e+003,1.631060e-002
2.516167e+003,1.635447e-002
2.516650e+003,1.640680e-002
2.517132e+003,1.646048e-002
2.517614e+003,1.650663e-002
2.518096e+003,1.653816e-002
2.518578e+003,1.655172e-002
2.519060e+003,1.654969e-002
2.519542e+003,1.654012e-002
2.520024e+003,1.653324e-002
2.520507e+003,1.653685e-002
2.520989e+003,1.655351e-002
2.521471e+003,1.657892e-002
2.521953e+003,1.660384e-002
2.522435e+003,1.661844e-002
2.522917e+003,1.661740e-002
2.523399e+003,1.660264e-002
2.523881e+003,1.658205e-002
2.524364e+003,1.656649e-002
2.524846e+003,1.656436e-002
2.525328e+003,1.657857e-002
2.525810e+003,1.660539e-002
2.526292e+003,1.663779e-002
2.526774e+003,1.666877e-002
2.527256e+003,1.669652e-002
2.527738e+003,1.672379e-002
2.528220e+003,1.675651e-002
2.528703e+003,1.679956e-002
2.529185e+003,1.685229e-002
2.529667e+003,1.690844e-002
2.530149e+003,1.695757e-002
2.530631e+003,1.698940e-002
2.531113e+003,1.699860e-002
2.531595e+003,1.698747e-002
2.532077e+003,1.696497e-002
2.532560e+003,1.694251e-002
2.533042e+003,1.693035e-002
2.533524e+003,1.693393e-002
2.534006e+003,1.695202e-002
2.534488e+003,1.697969e-002
2.534970e+003,1.701008e-002
2.535452e+003,1.703789e-002
2.535934e+003,1.706015e-002
2.536417e+003,1.707676e-002
2.536898e+003,1.708889e-002
2.537381e+003,1.709771e-002
2.537863e+003,1.710553e-002
2.538345e+003,1.711346e-002
2.538827e+003,1.712418e-002
2.539309e+003,1.714076e-002
2.539791e+003,1.716468e-002
2.540273e+003,1.719633e-002
2.540755e+003,1.723338e-002
2.541238e+003,1.727141e-002
2.541720e+003,1.730565e-002
2.542202e+003,1.733362e-002
2.542684e+003,1.735434e-002
2.543166e+003,1.736976e-002
2.543648e+003,1.738203e-002
2.544130e+003,1.739204e-002
2.544612e+003,1.739779e-002
2.545094e+003,1.739617e-002
2.545577e+003,1.738448e-002
2.546059e+003,1.736307e-002
2.546541e+003,1.733693e-002
2.547023e+003,1.731479e-002
2.547505e+003,1.730558e-002
2.547987e+003,1.731589e-002
2.548469e+003,1.734662e-002
2.548951e+003,1.739241e-002
2.549434e+003,1.744412e-002
2.549916e+003,1.749213e-002
2.550398e+003,1.753025e-002
2.550880e+003,1.755623e-002
2.551362e+003,1.757241e-002
2.551844e+003,1.758297e-002
2.552326e+003,1.759156e-002
2.552808e+003,1.760012e-002
2.553291e+003,1.760847e-002
2.553773e+003,1.761609e-002
2.554255e+003,1.762320e-002
2.554737e+003,1.763131e-002
2.555219e+003,1.764263e-002
2.555701e+003,1.765874e-002
2.556183e+003,1.767896e-002
2.556665e+003,1.770053e-002
2.557147e+003,1.771924e-002
2.557630e+003,1.773077e-002
2.558112e+003,1.773236e-002
2.558594e+003,1.772400e-002
2.559076e+003,1.770796e-002
2.559558e+003,1.768773e-002
2.560040e+003,1.766754e-002
2.560522e+003,1.765136e-002
2.561004e+003,1.764301e-002
2.561487e+003,1.764535e-002
2.561969e+003,1.766043e-002
2.562451e+003,1.768821e-002
2.562933e+003,1.772645e-002
2.563415e+003,1.777015e-002
2.563897e+003,1.781275e-002
2.564379e+003,1.784869e-002
2.564861e+003,1.787489e-002
2.565344e+003,1.789160e-002
2.565825e+003,1.790283e-002
2.566308e+003,1.791425e-002
2.566790e+003,1.792993e-002
2.567272e+003,1.795144e-002
2.567754e+003,1.797710e-002
2.568236e+003,1.800366e-002
2.568718e+003,1.802818e-002
2.569200e+003,1.805008e-002
2.569682e+003,1.807160e-002
2.570165e+003,1.809609e-002
2.570647e+003,1.812566e-002
2.571129e+003,1.816035e-002
2.571611e+003,1.819669e-002
2.572093e+003,1.823007e-002
2.572575e+003,1.825702e-002
2.573057e+003,1.827676e-002
2.573539e+003,1.829255e-002
2.574021e+003,1.830914e-002
2.574504e+003,1.833146e-002
2.574986e+003,1.836109e-002
2.575468e+003,1.839676e-002
2.575950e+003,1.843441e-002
2.576432e+003,1.847012e-002
2.576914e+003,1.850141e-002
2.577396e+003,1.852859e-002
2.577878e+003,1.855362e-002
2.578361e+003,1.857859e-002
2.578843e+003,1.860446e-002
2.579325e+003,1.863053e-002
2.579807e+003,1.865578e-002
2.580289e+003,1.867975e-002
2.580771e+003,1.870428e-002
2.581253e+003,1.873206e-002
2.581735e+003,1.876506e-002
2.582218e+003,1.880277e-002
2.582700e+003,1.884066e-002
2.583182e+003,1.887281e-002
2.583664e+003,1.889278e-002
2.584146e+003,1.889852e-002
2.584628e+003,1.889350e-002
2.585110e+003,1.888641e-002
2.585592e+003,1.888693e-002
2.586074e+003,1.890237e-002
2.586557e+003,1.893410e-002
2.587039e+003,1.897761e-002
2.587521e+003,1.902410e-002
2.588003e+003,1.906519e-002
2.588485e+003,1.909718e-002
2.588967e+003,1.912204e-002
2.589449e+003,1.914593e-002
2.589931e+003,1.917644e-002
2.590414e+003,1.921873e-002
2.590896e+003,1.927428e-002
2.591378e+003,1.934058e-002
2.591860e+003,1.941358e-002
2.592342e+003,1.948989e-002
2.592824e+003,1.956807e-002
2.593306e+003,1.964697e-002
2.593788e+003,1.972432e-002
2.594271e+003,1.979582e-002
2.594752e+003,1.985419e-002
2.595235e+003,1.989210e-002
2.595717e+003,1.990567e-002
2.596199e+003,1.989661e-002
2.596681e+003,1.987247e-002
2.597163e+003,1.984476e-002
2.597645e+003,1.982544e-002
2.598127e+003,1.982159e-002
2.598609e+003,1.983505e-002
2.599092e+003,1.986207e-002
2.599574e+003,1.989665e-002
2.600056e+003,1.993359e-002
2.600538e+003,1.997096e-002
2.601020e+003,2.000926e-002
2.601502e+003,2.005051e-002
2.601984e+003,2.009486e-002
2.602466e+003,2.014053e-002
2.602948e+003,2.018264e-002
2.603431e+003,2.021717e-002
2.603913e+003,2.024217e-002
2.604395e+003,2.026015e-002
2.604877e+003,2.027616e-002
2.605359e+003,2.029709e-002
2.605841e+003,2.032782e-002
2.606323e+003,2.036900e-002
2.606805e+003,2.041730e-002
2.607288e+003,2.046642e-002
2.607770e+003,2.051046e-002
2.608252e+003,2.054537e-002
2.608734e+003,2.057056e-002
2.609216e+003,2.058893e-002
2.609698e+003,2.060488e-002
2.610180e+003,2.062309e-002
2.610662e+003,2.064696e-002
2.611145e+003,2.067827e-002
2.611627e+003,2.071702e-002
2.612109e+003,2.076157e-002
2.612591e+003,2.080947e-002
2.613073e+003,2.085702e-002
2.613555e+003,2.090079e-002
2.614037e+003,2.093754e-002
2.614519e+003,2.096606e-002
2.615001e+003,2.098682e-002
2.615484e+003,2.100226e-002
2.615966e+003,2.101540e-002
2.616448e+003,2.102889e-002
2.616930e+003,2.104361e-002
2.617412e+003,2.105860e-002
2.617894e+003,2.107164e-002
2.618376e+003,2.108110e-002
2.618858e+003,2.108663e-002
2.619341e+003,2.108994e-002
2.619823e+003,2.109390e-002
2.620305e+003,2.110096e-002
2.620787e+003,2.111199e-002
2.621269e+003,2.112583e-002
2.621751e+003,2.113999e-002
2.622233e+003,2.115234e-002
2.622715e+003,2.116246e-002
2.623198e+003,2.117220e-002
2.623679e+003,2.118473e-002
2.624162e+003,2.120247e-002
2.624644e+003,2.122690e-002
2.625126e+003,2.125675e-002
2.625608e+003,2.128963e-002
2.626090e+003,2.132349e-002
2.626572e+003,2.135795e-002
2.627054e+003,2.139495e-002
2.627536e+003,2.143724e-002
2.628019e+003,2.148646e-002
2.628501e+003,2.154158e-002
2.628983e+003,2.159851e-002
2.629465e+003,2.165124e-002
2.629947e+003,2.169457e-002
2.630429e+003,2.172574e-002
2.630911e+003,2.174595e-002
2.631393e+003,2.175912e-002
2.631875e+003,2.177030e-002
2.632358e+003,2.178232e-002
2.632840e+003,2.179555e-002
2.633322e+003,2.180792e-002
2.633804e+003,2.181667e-002
2.634286e+003,2.182054e-002
2.634768e+003,2.182071e-002
2.635250e+003,2.182026e-002
2.635732e+003,2.182269e-002
2.636215e+003,2.182980e-002
2.636697e+003,2.184005e-002
2.637179e+003,2.184977e-002
2.637661e+003,2.185472e-002
2.638143e+003,2.185224e-002
2.638625e+003,2.184259e-002
2.639107e+003,2.182879e-002
2.639589e+003,2.181489e-002
2.640072e+003,2.180423e-002
2.640554e+003,2.179782e-002
2.641036e+003,2.179399e-002
2.641518e+003,2.179043e-002
2.642000e+003,2.178535e-002
2.642482e+003,2.177956e-002
2.642964e+003,2.177580e-002
2.643446e+003,2.177786e-002
2.643928e+003,2.178911e-002
2.644411e+003,2.181026e-002
2.644893e+003,2.183959e-002
2.645375e+003,2.187332e-002
2.645857e+003,2.190740e-002
2.646339e+003,2.193817e-002
2.646821e+003,2.196337e-002
2.647303e+003,2.198164e-002
2.647785e+003,2.199262e-002
2.648268e+003,2.199607e-002
2.648750e+003,2.199178e-002
2.649232e+003,2.198104e-002
2.649714e+003,2.196654e-002
2.650196e+003,2.195215e-002
2.650678e+003,2.194239e-002
2.651160e+003,2.194093e-002
2.651642e+003,2.194936e-002
2.652125e+003,2.196707e-002
2.652606e+003,2.199181e-002
2.653089e+003,2.202068e-002
2.653571e+003,2.205146e-002
2.654053e+003,2.208283e-002
2.654535e+003,2.211449e-002
2.655017e+003,2.214604e-002
2.655499e+003,2.217582e-002
2.655981e+003,2.220187e-002
2.656463e+003,2.222146e-002
2.656946e+003,2.223378e-002
2.657428e+003,2.223960e-002
2.657910e+003,2.224166e-002
2.658392e+003,2.224403e-002
2.658874e+003,2.224971e-002
2.659356e+003,2.225979e-002
2.659838e+003,2.227319e-002
2.660320e+003,2.228693e-002
2.660802e+003,2.229837e-002
2.661285e+003,2.230639e-002
2.661767e+003,2.231218e-002
2.662249e+003,2.231815e-002
2.662731e+003,2.232707e-002
2.663213e+003,2.234064e-002
2.663695e+003,2.235809e-002
2.664177e+003,2.237710e-002
2.664659e+003,2.239545e-002
2.665142e+003,2.241160e-002
2.665624e+003,2.242608e-002
2.666106e+003,2.244126e-002
2.666588e+003,2.245940e-002
2.667070e+003,2.248205e-002
2.667552e+003,2.250923e-002
2.668034e+003,2.253886e-002
2.668516e+003,2.256842e-002
2.668999e+003,2.259533e-002
2.669481e+003,2.261851e-002
2.669963e+003,2.263732e-002
2.670445e+003,2.265233e-002
2.670927e+003,2.266343e-002
2.671409e+003,2.267066e-002
2.671891e+003,2.267405e-002
2.672373e+003,2.267401e-002
2.672855e+003,2.267171e-002
2.673338e+003,2.266909e-002
2.673820e+003,2.266769e-002
2.674302e+003,2.266790e-002
2.674784e+003,2.266853e-002
2.675266e+003,2.266752e-002
2.675748e+003,2.266319e-002
2.676230e+003,2.265586e-002
2.676712e+003,2.264835e-002
2.677195e+003,2.264567e-002
2.677677e+003,2.265282e-002
2.678159e+003,2.267307e-002
2.678641e+003,2.270585e-002
2.679123e+003,2.274673e-002
2.679605e+003,2.278839e-002
2.680087e+003,2.282408e-002
2.680569e+003,2.284884e-002
2.681052e+003,2.286169e-002
2.681533e+003,2.286532e-002
2.682016e+003,2.286445e-002
2.682498e+003,2.286407e-002
2.682980e+003,2.286721e-002
2.683462e+003,2.287566e-002
2.683944e+003,2.288914e-002
2.684426e+003,2.290699e-002
2.684908e+003,2.292875e-002
2.685390e+003,2.295425e-002
2.685873e+003,2.298370e-002
2.686355e+003,2.301640e-002
2.686837e+003,2.305145e-002
2.687319e+003,2.308705e-002
2.687801e+003,2.312161e-002
2.688283e+003,2.315397e-002
2.688765e+003,2.318365e-002
2.689247e+003,2.321049e-002
2.689729e+003,2.323482e-002
2.690212e+003,2.325586e-002
2.690694e+003,2.327320e-002
2.691176e+003,2.328652e-002
2.691658e+003,2.329606e-002
2.692140e+003,2.330256e-002
2.692622e+003,2.330760e-002
2.693104e+003,2.331218e-002
2.693586e+003,2.331620e-002
2.694069e+003,2.331934e-002
2.694551e+003,2.332050e-002
2.695033e+003,2.331959e-002
2.695515e+003,2.331760e-002
2.695997e+003,2.331725e-002
2.696479e+003,2.332127e-002
2.696961e+003,2.333200e-002
2.697443e+003,2.334959e-002
2.697926e+003,2.337141e-002
2.698408e+003,2.339396e-002
2.698890e+003,2.341281e-002
2.699372e+003,2.342540e-002
2.699854e+003,2.343120e-002
2.700336e+003,2.343148e-002
2.700818e+003,2.342813e-002
2.701300e+003,2.342302e-002
2.701782e+003,2.341672e-002
2.702265e+003,2.340966e-002
2.702747e+003,2.340232e-002
2.703229e+003,2.339704e-002
2.703711e+003,2.339644e-002
2.704193e+003,2.340365e-002
2.704675e+003,2.342047e-002
2.705157e+003,2.344540e-002
2.705639e+003,2.347485e-002
2.706122e+003,2.350328e-002
2.706604e+003,2.352630e-002
2.707086e+003,2.354176e-002
2.707568e+003,2.355134e-002
2.708050e+003,2.355914e-002
2.708532e+003,2.356939e-002
2.709014e+003,2.358447e-002
2.709496e+003,2.360389e-002
2.709979e+003,2.362456e-002
2.710461e+003,2.364328e-002
2.710943e+003,2.365798e-002
2.711425e+003,2.367001e-002
2.711907e+003,2.368279e-002
2.712389e+003,2.370063e-002
2.712871e+003,2.372576e-002
2.713353e+003,2.375690e-002
2.713835e+003,2.378984e-002
2.714318e+003,2.381941e-002
2.714800e+003,2.384115e-002
2.715282e+003,2.385431e-002
2.715764e+003,2.386194e-002
2.716246e+003,2.386989e-002
2.716728e+003,2.388410e-002
2.717210e+003,2.390808e-002
2.717692e+003,2.394169e-002
2.718175e+003,2.398122e-002
2.718656e+003,2.402114e-002
2.719139e+003,2.405595e-002
2.719621e+003,2.408236e-002
2.720103e+003,2.409959e-002
2.720585e+003,2.410957e-002
2.721067e+003,2.411595e-002
2.721549e+003,2.412274e-002
2.722031e+003,2.413377e-002
2.722513e+003,2.415213e-002
2.722996e+003,2.417900e-002
2.723478e+003,2.421357e-002
2.723960e+003,2.425341e-002
2.724442e+003,2.429437e-002
2.724924e+003,2.433204e-002
2.725406e+003,2.436344e-002
2.725888e+003,2.438797e-002
2.726370e+003,2.440771e-002
2.726853e+003,2.442740e-002
2.727335e+003,2.445176e-002
2.727817e+003,2.448387e-002
2.728299e+003,2.452387e-002
2.728781e+003,2.456861e-002
2.729263e+003,2.461321e-002
2.729745e+003,2.465323e-002
2.730227e+003,2.468644e-002
2.730709e+003,2.471302e-002
2.731192e+003,2.473582e-002
2.731674e+003,2.475732e-002
2.732156e+003,2.477897e-002
2.732638e+003,2.479949e-002
2.733120e+003,2.481640e-002
2.733602e+003,2.482745e-002
2.734084e+003,2.483177e-002
2.734566e+003,2.483141e-002
2.735049e+003,2.483054e-002
2.735531e+003,2.483341e-002
2.736013e+003,2.484310e-002
2.736495e+003,2.485945e-002
2.736977e+003,2.487990e-002
2.737459e+003,2.490008e-002
2.737941e+003,2.491636e-002
2.738423e+003,2.492682e-002
2.738906e+003,2.493170e-002
2.739388e+003,2.493306e-002
2.739870e+003,2.493370e-002
2.740352e+003,2.493577e-002
2.740834e+003,2.494040e-002
2.741316e+003,2.494822e-002
2.741798e+003,2.495914e-002
2.742280e+003,2.497311e-002
2.742762e+003,2.498985e-002
2.743245e+003,2.500841e-002
2.743727e+003,2.502747e-002
2.744209e+003,2.504481e-002
2.744691e+003,2.505920e-002
2.745173e+003,2.507044e-002
2.745655e+003,2.507995e-002
2.746137e+003,2.509031e-002
2.746619e+003,2.510452e-002
2.747102e+003,2.512418e-002
2.747583e+003,2.514900e-002
2.748066e+003,2.517695e-002
2.748548e+003,2.520518e-002
2.749030e+003,2.523169e-002
2.749512e+003,2.525624e-002
2.749994e+003,2.528086e-002
2.750476e+003,2.530797e-002
2.750958e+003,2.533958e-002
2.751440e+003,2.537594e-002
2.751923e+003,2.541476e-002
2.752405e+003,2.545274e-002
2.752887e+003,2.548682e-002
2.753369e+003,2.551560e-002
2.753851e+003,2.553995e-002
2.754333e+003,2.556230e-002
2.754815e+003,2.558546e-002
2.755297e+003,2.561126e-002
2.755780e+003,2.563997e-002
2.756262e+003,2.567062e-002
2.756744e+003,2.570215e-002
2.757226e+003,2.573411e-002
2.757708e+003,2.576719e-002
2.758190e+003,2.580337e-002
2.758672e+003,2.584392e-002
2.759154e+003,2.588925e-002
2.759636e+003,2.593873e-002
2.760119e+003,2.599051e-002
2.760601e+003,2.604258e-002
2.761083e+003,2.609353e-002
2.761565e+003,2.614289e-002
2.762047e+003,2.619005e-002
2.762529e+003,2.623454e-002
2.763011e+003,2.627558e-002
2.763493e+003,2.631187e-002
2.763976e+003,2.634299e-002
2.764458e+003,2.636943e-002
2.764940e+003,2.639295e-002
2.765422e+003,2.641560e-002
2.765904e+003,2.643877e-002
2.766386e+003,2.646215e-002
2.766868e+003,2.648331e-002
2.767350e+003,2.649923e-002
2.767833e+003,2.650800e-002
2.768315e+003,2.651015e-002
2.768797e+003,2.650906e-002
2.769279e+003,2.651047e-002
2.769761e+003,2.651966e-002
2.770243e+003,2.653988e-002
2.770725e+003,2.657070e-002
2.771207e+003,2.660828e-002
2.771689e+003,2.664770e-002
2.772172e+003,2.668445e-002
2.772654e+003,2.671613e-002
2.773136e+003,2.674351e-002
2.773618e+003,2.676867e-002
2.774100e+003,2.679397e-002
2.774582e+003,2.682009e-002
2.775064e+003,2.684694e-002
2.775546e+003,2.687345e-002
2.776029e+003,2.689978e-002
2.776510e+003,2.692774e-002
2.776993e+003,2.696021e-002
2.777475e+003,2.700044e-002
2.777957e+003,2.704910e-002
2.778439e+003,2.710404e-002
2.778921e+003,2.715966e-002
2.779403e+003,2.720929e-002
2.779885e+003,2.724750e-002
2.780367e+003,2.727170e-002
2.780850e+003,2.728359e-002
2.781332e+003,2.728811e-002
2.781814e+003,2.729185e-002
2.782296e+003,2.730084e-002
2.782778e+003,2.731884e-002
2.783260e+003,2.734753e-002
2.783742e+003,2.738624e-002
2.784224e+003,2.743378e-002
2.784707e+003,2.748803e-002
2.785189e+003,2.754684e-002
2.785671e+003,2.760764e-002
2.786153e+003,2.766686e-002
2.786635e+003,2.772156e-002
2.787117e+003,2.776928e-002
2.787599e+003,2.780965e-002
2.788081e+003,2.784434e-002
2.788563e+003,2.787646e-002
2.789046e+003,2.790956e-002
2.789528e+003,2.794592e-002
2.790010e+003,2.798543e-002
2.790492e+003,2.802614e-002
2.790974e+003,2.806502e-002
2.791456e+003,2.809949e-002
2.791938e+003,2.812890e-002
2.792420e+003,2.815467e-002
2.792903e+003,2.818002e-002
2.793385e+003,2.820781e-002
2.793867e+003,2.824080e-002
2.794349e+003,2.827980e-002
2.794831e+003,2.832401e-002
2.795313e+003,2.837257e-002
2.795795e+003,2.842383e-002
2.796277e+003,2.847714e-002
2.796760e+003,2.853152e-002
2.797242e+003,2.858644e-002
2.797724e+003,2.864069e-002
2.798206e+003,2.869350e-002
2.798688e+003,2.874430e-002
2.799170e+003,2.879323e-002
2.799652e+003,2.884145e-002
2.800134e+003,2.889000e-002
2.800616e+003,2.894015e-002
2.801099e+003,2.899197e-002
2.801581e+003,2.904478e-002
2.802063e+003,2.909793e-002
2.802545e+003,2.915061e-002
2.803027e+003,2.920377e-002
2.803509e+003,2.925867e-002
2.803991e+003,2.931708e-002
2.804473e+003,2.938050e-002
2.804956e+003,2.944943e-002
2.805438e+003,2.952294e-002
2.805920e+003,2.960026e-002
2.806402e+003,2.968019e-002
2.806884e+003,2.976247e-002
2.807366e+003,2.984682e-002
2.807848e+003,2.993222e-002
2.808330e+003,3.001654e-002
2.808813e+003,3.009597e-002
2.809294e+003,3.016650e-002
2.809777e+003,3.022564e-002
2.810259e+003,3.027385e-002
2.810741e+003,3.031495e-002
2.811223e+003,3.035521e-002
2.811705e+003,3.040126e-002
2.812187e+003,3.045685e-002
2.812669e+003,3.052182e-002
2.813151e+003,3.059150e-002
2.813634e+003,3.065905e-002
2.814116e+003,3.071886e-002
2.814598e+003,3.076883e-002
2.815080e+003,3.081166e-002
2.815562e+003,3.085445e-002
2.816044e+003,3.090625e-002
2.816526e+003,3.097399e-002
2.817008e+003,3.106129e-002
2.817490e+003,3.116619e-002
2.817973e+003,3.128343e-002
2.818455e+003,3.140502e-002
2.818937e+003,3.152279e-002
2.819419e+003,3.163086e-002
2.819901e+003,3.172556e-002
2.820383e+003,3.180623e-002
2.820865e+003,3.187508e-002
2.821347e+003,3.193663e-002
2.821830e+003,3.199701e-002
2.822312e+003,3.206304e-002
2.822794e+003,3.214131e-002
2.823276e+003,3.223562e-002
2.823758e+003,3.234676e-002
2.824240e+003,3.247147e-002
2.824722e+003,3.260385e-002
2.825204e+003,3.273678e-002
2.825687e+003,3.286453e-002
2.826169e+003,3.298419e-002
2.826651e+003,3.309667e-002
2.827133e+003,3.320582e-002
2.827615e+003,3.331610e-002
2.828097e+003,3.343225e-002
2.828579e+003,3.355662e-002
2.829061e+003,3.368994e-002
2.829543e+003,3.383183e-002
2.830026e+003,3.398122e-002
2.830508e+003,3.413768e-002
2.830990e+003,3.430102e-002
2.831472e+003,3.447184e-002
2.831954e+003,3.465077e-002
2.832436e+003,3.483821e-002
2.832918e+003,3.503539e-002
2.833400e+003,3.524347e-002
2.833883e+003,3.546449e-002
2.834365e+003,3.570041e-002
2.834847e+003,3.595251e-002
2.835329e+003,3.622067e-002
2.835811e+003,3.650371e-002
2.836293e+003,3.679901e-002
2.836775e+003,3.710410e-002
2.837257e+003,3.741769e-002
2.837740e+003,3.773949e-002
2.838221e+003,3.807082e-002
2.838704e+003,3.841291e-002
2.839186e+003,3.876714e-002
2.839668e+003,3.913403e-002
2.840150e+003,3.951349e-002
2.840632e+003,3.990571e-002
2.841114e+003,4.031072e-002
2.841596e+003,4.072943e-002
2.842078e+003,4.116168e-002
2.842561e+003,4.160619e-002
2.843043e+003,4.205907e-002
2.843525e+003,4.251454e-002
2.844007e+003,4.296628e-002
2.844489e+003,4.340916e-002
2.844971e+003,4.384047e-002
2.845453e+003,4.426039e-002
2.845935e+003,4.467143e-002
2.846417e+003,4.507580e-002
2.846900e+003,4.547396e-002
2.847382e+003,4.586346e-002
2.847864e+003,4.624041e-002
2.848346e+003,4.659984e-002
2.848828e+003,4.693893e-002
2.849310e+003,4.725825e-002
2.849792e+003,4.756133e-002
2.850274e+003,4.785396e-002
2.850757e+003,4.814128e-002
2.851239e+003,4.842637e-002
2.851721e+003,4.870932e-002
2.852203e+003,4.898756e-002
2.852685e+003,4.925700e-002
2.853167e+003,4.951401e-002
2.853649e+003,4.975598e-002
2.854131e+003,4.998194e-002
2.854614e+003,5.019222e-002
2.855096e+003,5.038776e-002
2.855578e+003,5.057053e-002
2.856060e+003,5.074255e-002
2.856542e+003,5.090666e-002
2.857024e+003,5.106569e-002
2.857506e+003,5.122177e-002
2.857988e+003,5.137648e-002
2.858470e+003,5.152971e-002
2.858953e+003,5.168046e-002
2.859435e+003,5.182738e-002
2.859917e+003,5.196976e-002
2.860399e+003,5.210811e-002
2.860881e+003,5.224385e-002
2.861363e+003,5.237923e-002
2.861845e+003,5.251539e-002
2.862327e+003,5.265373e-002
2.862810e+003,5.279428e-002
2.863292e+003,5.293866e-002
2.863774e+003,5.309016e-002
2.864256e+003,5.325434e-002
2.864738e+003,5.343837e-002
2.865220e+003,5.364954e-002
2.865702e+003,5.389206e-002
2.866184e+003,5.416606e-002
2.866667e+003,5.446633e-002
2.867148e+003,5.478463e-002
2.867631e+003,5.510959e-002
2.868113e+003,5.543047e-002
2.868595e+003,5.573799e-002
2.869077e+003,5.602375e-002
2.869559e+003,5.628027e-002
2.870041e+003,5.649988e-002
2.870523e+003,5.667347e-002
2.871005e+003,5.679139e-002
2.871488e+003,5.684445e-002
2.871970e+003,5.682455e-002
2.872452e+003,5.672648e-002
2.872934e+003,5.654811e-002
2.873416e+003,5.629060e-002
2.873898e+003,5.595789e-002
2.874380e+003,5.555686e-002
2.874862e+003,5.509726e-002
2.875344e+003,5.459042e-002
2.875827e+003,5.404941e-002
2.876309e+003,5.348814e-002
2.876791e+003,5.291860e-002
2.877273e+003,5.235205e-002
2.877755e+003,5.179800e-002
2.878237e+003,5.126457e-002
2.878719e+003,5.076043e-002
2.879201e+003,5.029422e-002
2.879684e+003,4.987489e-002
2.880166e+003,4.950970e-002
2.880648e+003,4.920326e-002
2.881130e+003,4.895548e-002
2.881612e+003,4.876207e-002
2.882094e+003,4.861718e-002
2.882576e+003,4.851369e-002
2.883058e+003,4.844623e-002
2.883541e+003,4.841215e-002
2.884023e+003,4.841030e-002
2.884505e+003,4.843979e-002
2.884987e+003,4.849917e-002
2.885469e+003,4.858513e-002
2.885951e+003,4.869368e-002
2.886433e+003,4.882195e-002
2.886915e+003,4.896887e-002
2.887397e+003,4.913543e-002
2.887880e+003,4.932399e-002
2.888362e+003,4.953536e-002
2.888844e+003,4.976805e-002
2.889326e+003,5.001704e-002
2.889808e+003,5.027547e-002
2.890290e+003,5.053696e-002
2.890772e+003,5.079793e-002
2.891254e+003,5.105839e-002
2.891737e+003,5.132110e-002
2.892219e+003,5.158978e-002
2.892701e+003,5.186640e-002
2.893183e+003,5.214895e-002
2.893665e+003,5.243205e-002
2.894147e+003,5.270849e-002
2.894629e+003,5.297190e-002
2.895111e+003,5.321839e-002
2.895594e+003,5.344826e-002
2.896075e+003,5.366458e-002
2.896558e+003,5.387330e-002
2.897040e+003,5.407992e-002
2.897522e+003,5.428968e-002
2.898004e+003,5.450694e-002
2.898486e+003,5.473430e-002
2.898968e+003,5.497333e-002
2.899450e+003,5.522382e-002
2.899932e+003,5.548363e-002
2.900415e+003,5.574907e-002
2.900897e+003,5.601575e-002
2.901379e+003,5.628027e-002
2.901861e+003,5.654158e-002
2.902343e+003,5.680185e-002
2.902825e+003,5.706564e-002
2.903307e+003,5.733865e-002
2.903789e+003,5.762536e-002
2.904271e+003,5.792803e-002
2.904754e+003,5.824676e-002
2.905236e+003,5.858031e-002
2.905718e+003,5.892821e-002
2.906200e+003,5.929168e-002
2.906682e+003,5.967314e-002
2.907164e+003,6.007499e-002
2.907646e+003,6.049766e-002
2.908128e+003,6.093873e-002
2.908611e+003,6.139308e-002
2.909093e+003,6.185539e-002
2.909575e+003,6.232245e-002
2.910057e+003,6.279428e-002
2.910539e+003,6.327523e-002
2.911021e+003,6.377040e-002
2.911503e+003,6.428454e-002
2.911985e+003,6.481906e-002
2.912468e+003,6.537157e-002
2.912950e+003,6.593759e-002
2.913432e+003,6.651266e-002
2.913914e+003,6.709475e-002
2.914396e+003,6.768401e-002
2.914878e+003,6.828228e-002
2.915360e+003,6.889059e-002
2.915842e+003,6.950784e-002
2.916324e+003,7.013080e-002
2.916807e+003,7.075473e-002
2.917289e+003,7.137679e-002
2.917771e+003,7.199731e-002
2.918253e+003,7.261970e-002
2.918735e+003,7.324883e-002
2.919217e+003,7.388849e-002
2.919699e+003,7.453873e-002
2.920181e+003,7.519598e-002
2.920664e+003,7.585414e-002
2.921146e+003,7.650638e-002
2.921628e+003,7.714821e-002
2.922110e+003,7.777772e-002
2.922592e+003,7.839444e-002
2.923074e+003,7.899757e-002
2.923556e+003,7.958452e-002
2.924038e+003,8.015129e-002
2.924521e+003,8.069358e-002
2.925002e+003,8.120903e-002
2.925485e+003,8.169822e-002
2.925967e+003,8.216374e-002
2.926449e+003,8.260751e-002
2.926931e+003,8.302879e-002
2.927413e+003,8.342136e-002
2.927895e+003,8.377475e-002
2.928377e+003,8.407792e-002
2.928859e+003,8.432164e-002
2.929342e+003,8.450192e-002
2.929824e+003,8.461972e-002
2.930306e+003,8.467899e-002
2.930788e+003,8.468237e-002
2.931270e+003,8.462986e-002
2.931752e+003,8.451730e-002
2.932234e+003,8.433986e-002
2.932716e+003,8.409498e-002
2.933198e+003,8.378529e-002
2.933681e+003,8.341936e-002
2.934163e+003,8.300821e-002
2.934645e+003,8.256359e-002
2.935127e+003,8.209383e-002
2.935609e+003,8.160333e-002
2.936091e+003,8.109523e-002
2.936573e+003,8.057370e-002
2.937055e+003,8.004709e-002
2.937538e+003,7.952856e-002
2.938020e+003,7.903291e-002
2.938502e+003,7.857347e-002
2.938984e+003,7.815955e-002
2.939466e+003,7.779456e-002
2.939948e+003,7.747828e-002
2.940430e+003,7.720999e-002
2.940912e+003,7.699113e-002
2.941395e+003,7.682643e-002
2.941877e+003,7.672236e-002
2.942359e+003,7.668345e-002
2.942841e+003,7.671081e-002
2.943323e+003,7.680053e-002
2.943805e+003,7.694556e-002
2.944287e+003,7.713840e-002
2.944769e+003,7.737397e-002
2.945251e+003,7.765040e-002
2.945734e+003,7.796744e-002
2.946216e+003,7.832459e-002
2.946698e+003,7.871815e-002
2.947180e+003,7.914124e-002
2.947662e+003,7.958543e-002
2.948144e+003,8.004299e-002
2.948626e+003,8.050904e-002
2.949108e+003,8.098319e-002
2.949591e+003,8.146636e-002
2.950073e+003,8.195949e-002
2.950555e+003,8.246041e-002
2.951037e+003,8.296280e-002
2.951519e+003,8.345738e-002
2.952001e+003,8.393492e-002
2.952483e+003,8.438646e-002
2.952965e+003,8.480568e-002
2.953448e+003,8.518774e-002
2.953929e+003,8.552716e-002
2.954412e+003,8.581731e-002
2.954894e+003,8.605076e-002
2.955376e+003,8.622029e-002
2.955858e+003,8.632088e-002
2.956340e+003,8.635096e-002
2.956822e+003,8.631131e-002
2.957304e+003,8.620300e-002
2.957786e+003,8.602548e-002
2.958269e+003,8.577459e-002
2.958751e+003,8.544526e-002
2.959233e+003,8.503228e-002
2.959715e+003,8.453457e-002
2.960197e+003,8.395470e-002
2.960679e+003,8.329976e-002
2.961161e+003,8.257636e-002
2.961643e+003,8.178869e-002
2.962125e+003,8.093664e-002
2.962608e+003,8.001690e-002
2.963090e+003,7.902492e-002
2.963572e+003,7.795757e-002
2.964054e+003,7.681362e-002
2.964536e+003,7.559151e-002
2.965018e+003,7.428570e-002
2.965500e+003,7.288653e-002
2.965982e+003,7.138206e-002
2.966465e+003,6.976659e-002
2.966947e+003,6.805109e-002
2.967429e+003,6.627368e-002
2.967911e+003,6.450209e-002
2.968393e+003,6.282365e-002
2.968875e+003,6.133706e-002
2.969357e+003,6.012137e-002
2.969839e+003,5.922036e-002
2.970322e+003,5.863048e-002
2.970804e+003,5.830572e-002
2.971286e+003,5.816761e-002
2.971768e+003,5.812572e-002
2.972250e+003,5.810314e-002
2.972732e+003,5.804163e-002
2.973214e+003,5.790857e-002
2.973696e+003,5.769555e-002
2.974178e+003,5.740918e-002
2.974661e+003,5.706473e-002
2.975143e+003,5.667842e-002
2.975625e+003,5.626646e-002
2.976107e+003,5.584114e-002
2.976589e+003,5.541116e-002
2.977071e+003,5.498119e-002
2.977553e+003,5.455322e-002
2.978035e+003,5.412635e-002
2.978518e+003,5.369959e-002
2.979000e+003,5.327288e-002
2.979482e+003,5.284828e-002
2.979964e+003,5.242996e-002
2.980446e+003,5.202194e-002
2.980928e+003,5.162684e-002
2.981410e+003,5.124443e-002
2.981892e+003,5.087194e-002
2.982375e+003,5.050558e-002
2.982856e+003,5.014287e-002
2.983339e+003,4.978451e-002
2.983821e+003,4.943451e-002
2.984303e+003,4.909807e-002
2.984785e+003,4.877935e-002
2.985267e+003,4.847868e-002
2.985749e+003,4.819251e-002
2.986231e+003,4.791442e-002
2.986713e+003,4.763690e-002
2.987196e+003,4.735528e-002
2.987678e+003,4.706782e-002
2.988160e+003,4.677638e-002
2.988642e+003,4.648403e-002
2.989124e+003,4.619423e-002
2.989606e+003,4.590960e-002
2.990088e+003,4.563101e-002
2.990570e+003,4.535915e-002
2.991052e+003,4.509429e-002
2.991535e+003,4.483675e-002
2.992017e+003,4.458583e-002
2.992499e+003,4.433972e-002
2.992981e+003,4.409433e-002
2.993463e+003,4.384516e-002
2.993945e+003,4.358833e-002
2.994427e+003,4.332228e-002
2.994909e+003,4.304827e-002
2.995392e+003,4.276993e-002
2.995874e+003,4.249115e-002
2.996356e+003,4.221464e-002
2.996838e+003,4.194030e-002
2.997320e+003,4.166643e-002
2.997802e+003,4.139058e-002
2.998284e+003,4.111167e-002
2.998766e+003,4.083053e-002
2.999249e+003,4.055009e-002
2.999731e+003,4.027316e-002
3.000213e+003,4.000140e-002
3.000695e+003,3.973445e-002
3.001177e+003,3.947053e-002
3.001659e+003,3.920804e-002
3.002141e+003,3.894770e-002
3.002623e+003,3.869208e-002
3.003105e+003,3.844621e-002
3.003588e+003,3.821477e-002
3.004070e+003,3.800011e-002
3.004552e+003,3.780155e-002
3.005034e+003,3.761550e-002
3.005516e+003,3.743712e-002
3.005998e+003,3.726242e-002
3.006480e+003,3.708917e-002
3.006962e+003,3.691706e-002
3.007445e+003,3.674650e-002
3.007927e+003,3.657730e-002
3.008409e+003,3.640857e-002
3.008891e+003,3.623904e-002
3.009373e+003,3.606832e-002
3.009855e+003,3.589759e-002
3.010337e+003,3.572948e-002
3.010819e+003,3.556672e-002
3.011302e+003,3.540967e-002
3.011783e+003,3.525601e-002
3.012266e+003,3.510083e-002
3.012748e+003,3.493874e-002
3.013230e+003,3.476863e-002
3.013712e+003,3.459540e-002
3.014194e+003,3.443142e-002
3.014676e+003,3.429335e-002
3.015158e+003,3.419992e-002
3.015640e+003,3.416507e-002
3.016123e+003,3.419450e-002
3.016605e+003,3.428452e-002
3.017087e+003,3.442195e-002
3.017569e+003,3.458937e-002
3.018051e+003,3.476591e-002
3.018533e+003,3.493411e-002
3.019015e+003,3.508093e-002
3.019497e+003,3.519981e-002
3.019979e+003,3.529095e-002
3.020462e+003,3.536067e-002
3.020944e+003,3.542020e-002
3.021426e+003,3.548124e-002
3.021908e+003,3.555377e-002
3.022390e+003,3.564214e-002
3.022872e+003,3.574322e-002
3.023354e+003,3.584692e-002
3.023836e+003,3.593937e-002
3.024319e+003,3.600819e-002
3.024801e+003,3.604585e-002
3.025283e+003,3.605219e-002
3.025765e+003,3.603408e-002
3.026247e+003,3.600207e-002
3.026729e+003,3.596597e-002
3.027211e+003,3.593142e-002
3.027693e+003,3.589939e-002
3.028176e+003,3.586786e-002
3.028658e+003,3.583403e-002
3.029140e+003,3.579783e-002
3.029622e+003,3.576247e-002
3.030104e+003,3.573290e-002
3.030586e+003,3.571365e-002
3.031068e+003,3.570606e-002
3.031550e+003,3.570797e-002
3.032032e+003,3.571483e-002
3.032515e+003,3.572268e-002
3.032997e+003,3.572940e-002
3.033479e+003,3.573678e-002
3.033961e+003,3.574790e-002
3.034443e+003,3.576545e-002
3.034925e+003,3.578945e-002
3.035407e+003,3.581644e-002
3.035889e+003,3.584101e-002
3.036372e+003,3.585865e-002
3.036854e+003,3.586829e-002
3.037336e+003,3.587319e-002
3.037818e+003,3.587941e-002
3.038300e+003,3.589449e-002
3.038782e+003,3.592321e-002
3.039264e+003,3.596644e-002
3.039746e+003,3.602133e-002
3.040229e+003,3.608268e-002
3.040711e+003,3.614573e-002
3.041193e+003,3.620771e-002
3.041675e+003,3.626883e-002
3.042157e+003,3.633068e-002
3.042639e+003,3.639553e-002
3.043121e+003,3.646435e-002
3.043603e+003,3.653607e-002
3.044085e+003,3.660816e-002
3.044568e+003,3.667752e-002
3.045050e+003,3.674080e-002
3.045532e+003,3.679529e-002
3.046014e+003,3.683994e-002
3.046496e+003,3.687403e-002
3.046978e+003,3.689845e-002
3.047460e+003,3.691572e-002
3.047942e+003,3.692954e-002
3.048425e+003,3.694455e-002
3.048906e+003,3.696504e-002
3.049389e+003,3.699358e-002
3.049871e+003,3.703067e-002
3.050353e+003,3.707458e-002
3.050835e+003,3.712262e-002
3.051317e+003,3.717221e-002
3.051799e+003,3.722311e-002
3.052281e+003,3.727683e-002
3.052763e+003,3.733539e-002
3.053246e+003,3.740064e-002
3.053728e+003,3.747284e-002
3.054210e+003,3.754957e-002
3.054692e+003,3.762721e-002
3.055174e+003,3.770219e-002
3.055656e+003,3.777242e-002
3.056138e+003,3.783795e-002
3.056620e+003,3.790024e-002
3.057103e+003,3.796019e-002
3.057585e+003,3.801758e-002
3.058067e+003,3.807057e-002
3.058549e+003,3.811582e-002
3.059031e+003,3.815131e-002
3.059513e+003,3.817670e-002
3.059995e+003,3.819407e-002
3.060477e+003,3.820695e-002
3.060959e+003,3.821867e-002
3.061442e+003,3.823090e-002
3.061924e+003,3.824306e-002
3.062406e+003,3.825366e-002
3.062888e+003,3.826065e-002
3.063370e+003,3.826379e-002
3.063852e+003,3.826423e-002
3.064334e+003,3.826361e-002
3.064816e+003,3.826300e-002
3.065299e+003,3.826108e-002
3.065781e+003,3.825471e-002
3.066263e+003,3.823995e-002
3.066745e+003,3.821480e-002
3.067227e+003,3.818043e-002
3.067709e+003,3.814136e-002
3.068191e+003,3.810421e-002
3.068673e+003,3.807553e-002
3.069156e+003,3.805871e-002
3.069638e+003,3.805426e-002
3.070120e+003,3.805907e-002
3.070602e+003,3.806941e-002
3.071084e+003,3.808135e-002
3.071566e+003,3.809368e-002
3.072048e+003,3.810623e-002
3.072530e+003,3.812074e-002
3.073012e+003,3.813839e-002
3.073495e+003,3.816079e-002
3.073977e+003,3.818828e-002
3.074459e+003,3.822204e-002
3.074941e+003,3.826307e-002
3.075423e+003,3.831192e-002
3.075905e+003,3.836817e-002
3.076387e+003,3.842887e-002
3.076869e+003,3.848943e-002
3.077352e+003,3.854505e-002
3.077833e+003,3.859270e-002
3.078316e+003,3.863323e-002
3.078798e+003,3.867155e-002
3.079280e+003,3.871530e-002
3.079762e+003,3.877160e-002
3.080244e+003,3.884330e-002
3.080726e+003,3.892719e-002
3.081208e+003,3.901410e-002
3.081690e+003,3.909266e-002
3.082173e+003,3.915129e-002
3.082655e+003,3.918287e-002
3.083137e+003,3.918588e-002
3.083619e+003,3.916394e-002
3.084101e+003,3.912326e-002
3.084583e+003,3.907051e-002
3.085065e+003,3.901117e-002
3.085547e+003,3.894871e-002
3.086030e+003,3.888620e-002
3.086512e+003,3.882677e-002
3.086994e+003,3.877363e-002
3.087476e+003,3.873066e-002
3.087958e+003,3.870099e-002
3.088440e+003,3.868694e-002
3.088922e+003,3.868901e-002
3.089404e+003,3.870748e-002
3.089886e+003,3.874113e-002
3.090369e+003,3.878841e-002
3.090851e+003,3.884587e-002
3.091333e+003,3.890765e-002
3.091815e+003,3.896619e-002
3.092297e+003,3.901313e-002
3.092779e+003,3.904212e-002
3.093261e+003,3.905090e-002
3.093743e+003,3.904310e-002
3.094226e+003,3.902715e-002
3.094708e+003,3.901363e-002
3.095190e+003,3.901124e-002
3.095672e+003,3.902320e-002
3.096154e+003,3.904756e-002
3.096636e+003,3.907805e-002
3.097118e+003,3.910749e-002
3.097600e+003,3.913204e-002
3.098083e+003,3.915205e-002
3.098565e+003,3.917178e-002
3.099047e+003,3.919669e-002
3.099529e+003,3.923041e-002
3.100011e+003,3.927332e-002
3.100493e+003,3.932308e-002
3.100975e+003,3.937630e-002
3.101457e+003,3.943054e-002
3.101939e+003,3.948559e-002
3.102422e+003,3.954209e-002
3.102904e+003,3.959994e-002
3.103386e+003,3.965643e-002
3.103868e+003,3.970580e-002
3.104350e+003,3.974182e-002
3.104832e+003,3.976092e-002
3.105314e+003,3.976455e-002
3.105796e+003,3.975994e-002
3.106279e+003,3.975707e-002
3.106760e+003,3.976597e-002
3.107243e+003,3.979146e-002
3.107725e+003,3.983198e-002
3.108207e+003,3.987981e-002
3.108689e+003,3.992602e-002
3.109171e+003,3.996405e-002
3.109653e+003,3.999170e-002
3.110135e+003,4.001299e-002
3.110617e+003,4.003381e-002
3.111100e+003,4.005989e-002
3.111582e+003,4.009365e-002
3.112064e+003,4.013392e-002
3.112546e+003,4.017753e-002
3.113028e+003,4.022253e-002
3.113510e+003,4.026848e-002
3.113992e+003,4.031716e-002
3.114474e+003,4.037010e-002
3.114957e+003,4.042606e-002
3.115439e+003,4.048021e-002
3.115921e+003,4.052517e-002
3.116403e+003,4.055347e-002
3.116885e+003,4.056176e-002
3.117367e+003,4.055220e-002
3.117849e+003,4.053270e-002
3.118331e+003,4.051306e-002
3.118813e+003,4.050240e-002
3.119296e+003,4.050615e-002
3.119778e+003,4.052444e-002
3.120260e+003,4.055463e-002
3.120742e+003,4.059312e-002
3.121224e+003,4.063729e-002
3.121706e+003,4.068641e-002
3.122188e+003,4.074016e-002
3.122670e+003,4.079686e-002
3.123153e+003,4.085255e-002
3.123635e+003,4.090199e-002
3.124117e+003,4.093989e-002
3.124599e+003,4.096451e-002
3.125081e+003,4.097762e-002
3.125563e+003,4.098501e-002
3.126045e+003,4.099400e-002
3.126527e+003,4.101061e-002
3.127010e+003,4.103690e-002
3.127492e+003,4.107150e-002
3.127974e+003,4.111054e-002
3.128456e+003,4.114962e-002
3.128938e+003,4.118605e-002
3.129420e+003,4.121946e-002
3.129902e+003,4.125058e-002
3.130384e+003,4.128085e-002
3.130866e+003,4.131092e-002
3.131349e+003,4.134054e-002
3.131831e+003,4.136963e-002
3.132313e+003,4.139904e-002
3.132795e+003,4.143075e-002
3.133277e+003,4.146706e-002
3.133759e+003,4.150960e-002
3.134241e+003,4.155864e-002
3.134723e+003,4.161235e-002
3.135206e+003,4.166837e-002
3.135688e+003,4.172479e-002
3.136170e+003,4.178126e-002
3.136652e+003,4.183795e-002
3.137134e+003,4.189516e-002
3.137616e+003,4.195063e-002
3.138098e+003,4.199924e-002
3.138580e+003,4.203512e-002
3.139063e+003,4.205348e-002
3.139544e+003,4.205403e-002
3.140027e+003,4.204312e-002
3.140509e+003,4.203213e-002
3.140991e+003,4.203450e-002
3.141473e+003,4.206053e-002
3.141955e+003,4.211280e-002
3.142437e+003,4.218601e-002
3.142919e+003,4.226821e-002
3.143401e+003,4.234604e-002
3.143884e+003,4.240898e-002
3.144366e+003,4.245392e-002
3.144848e+003,4.248454e-002
3.145330e+003,4.250873e-002
3.145812e+003,4.253457e-002
3.146294e+003,4.256684e-002
3.146776e+003,4.260547e-002
3.147258e+003,4.264640e-002
3.147740e+003,4.268416e-002
3.148223e+003,4.271451e-002
3.148705e+003,4.273648e-002
3.149187e+003,4.275139e-002
3.149669e+003,4.276277e-002
3.150151e+003,4.277399e-002
3.150633e+003,4.278756e-002
3.151115e+003,4.280471e-002
3.151597e+003,4.282573e-002
3.152080e+003,4.285078e-002
3.152562e+003,4.287964e-002
3.153044e+003,4.291237e-002
3.153526e+003,4.294822e-002
3.154008e+003,4.298556e-002
3.154490e+003,4.302299e-002
3.154972e+003,4.305881e-002
3.155454e+003,4.309239e-002
3.155937e+003,4.312361e-002
3.156419e+003,4.315347e-002
3.156901e+003,4.318263e-002
3.157383e+003,4.321217e-002
3.157865e+003,4.324292e-002
3.158347e+003,4.327549e-002
3.158829e+003,4.331089e-002
3.159311e+003,4.334948e-002
3.159793e+003,4.339052e-002
3.160276e+003,4.343197e-002
3.160758e+003,4.347068e-002
3.161240e+003,4.350291e-002
3.161722e+003,4.352653e-002
3.162204e+003,4.354225e-002
3.162686e+003,4.355404e-002
3.163168e+003,4.356789e-002
3.163650e+003,4.358932e-002
3.164133e+003,4.362053e-002
3.164615e+003,4.365991e-002
3.165097e+003,4.370132e-002
3.165579e+003,4.373745e-002
3.166061e+003,4.376262e-002
3.166543e+003,4.377582e-002
3.167025e+003,4.378065e-002
3.167507e+003,4.378421e-002
3.167990e+003,4.379363e-002
3.168471e+003,4.381327e-002
3.168954e+003,4.384366e-002
3.169436e+003,4.388160e-002
3.169918e+003,4.392313e-002
3.170400e+003,4.396537e-002
3.170882e+003,4.400819e-002
3.171364e+003,4.405341e-002
3.171846e+003,4.410306e-002
3.172328e+003,4.415767e-002
3.172811e+003,4.421523e-002
3.173293e+003,4.427184e-002
3.173775e+003,4.432299e-002
3.174257e+003,4.436636e-002
3.174739e+003,4.440097e-002
3.175221e+003,4.442780e-002
3.175703e+003,4.444776e-002
3.176185e+003,4.446076e-002
3.176667e+003,4.446604e-002
3.177150e+003,4.446381e-002
3.177632e+003,4.445698e-002
3.178114e+003,4.445235e-002
3.178596e+003,4.445859e-002
3.179078e+003,4.448418e-002
3.179560e+003,4.453278e-002
3.180042e+003,4.460137e-002
3.180524e+003,4.467921e-002
3.181007e+003,4.475212e-002
3.181489e+003,4.480740e-002
3.181971e+003,4.483712e-002
3.182453e+003,4.484120e-002
3.182935e+003,4.482742e-002
3.183417e+003,4.480670e-002
3.183899e+003,4.478933e-002
3.184381e+003,4.478150e-002
3.184864e+003,4.478474e-002
3.185346e+003,4.479660e-002
3.185828e+003,4.481408e-002
3.186310e+003,4.483580e-002
3.186792e+003,4.486247e-002
3.187274e+003,4.489660e-002
3.187756e+003,4.494051e-002
3.188238e+003,4.499483e-002
3.188720e+003,4.505808e-002
3.189203e+003,4.512700e-002
3.189685e+003,4.519759e-002
3.190167e+003,4.526676e-002
3.190649e+003,4.533182e-002
3.191131e+003,4.539041e-002
3.191613e+003,4.544110e-002
3.192095e+003,4.548341e-002
3.192577e+003,4.551759e-002
3.193060e+003,4.554662e-002
3.193542e+003,4.557478e-002
3.194024e+003,4.560690e-002
3.194506e+003,4.564533e-002
3.194988e+003,4.568968e-002
3.195470e+003,4.573433e-002
3.195952e+003,4.577115e-002
3.196434e+003,4.579199e-002
3.196917e+003,4.579177e-002
3.197398e+003,4.577041e-002
3.197881e+003,4.573363e-002
3.198363e+003,4.568935e-002
3.198845e+003,4.564588e-002
3.199327e+003,4.560841e-002
3.199809e+003,4.557923e-002
3.200291e+003,4.555807e-002
3.200773e+003,4.554486e-002
3.201255e+003,4.554155e-002
3.201738e+003,4.555181e-002
3.202220e+003,4.558000e-002
3.202702e+003,4.562913e-002
3.203184e+003,4.569859e-002
3.203666e+003,4.578337e-002
3.204148e+003,4.587635e-002
3.204630e+003,4.596879e-002
3.205112e+003,4.605333e-002
3.205594e+003,4.612481e-002
3.206077e+003,4.618082e-002
3.206559e+003,4.622088e-002
3.207041e+003,4.624605e-002
3.207523e+003,4.625917e-002
3.208005e+003,4.626485e-002
3.208487e+003,4.626879e-002
3.208969e+003,4.627705e-002
3.209451e+003,4.629419e-002
3.209934e+003,4.632073e-002
3.210416e+003,4.635214e-002
3.210898e+003,4.637964e-002
3.211380e+003,4.639476e-002
3.211862e+003,4.639063e-002
3.212344e+003,4.636677e-002
3.212826e+003,4.632876e-002
3.213308e+003,4.628766e-002
3.213791e+003,4.625475e-002
3.214273e+003,4.623897e-002
3.214755e+003,4.624425e-002
3.215237e+003,4.626872e-002
3.215719e+003,4.630797e-002
3.216201e+003,4.635597e-002
3.216683e+003,4.640814e-002
3.217165e+003,4.646124e-002
3.217647e+003,4.651217e-002
3.218130e+003,4.655845e-002
3.218612e+003,4.659781e-002
3.219094e+003,4.662916e-002
3.219576e+003,4.665425e-002
3.220058e+003,4.667768e-002
3.220540e+003,4.670561e-002
3.221022e+003,4.674217e-002
3.221504e+003,4.678782e-002
3.221987e+003,4.683764e-002
3.222469e+003,4.688260e-002
3.222951e+003,4.691356e-002
3.223433e+003,4.692597e-002
3.223915e+003,4.692110e-002
3.224397e+003,4.690677e-002
3.224879e+003,4.689197e-002
3.225361e+003,4.688367e-002
3.225844e+003,4.688234e-002
3.226325e+003,4.688293e-002
3.226808e+003,4.687676e-002
3.227290e+003,4.685794e-002
3.227772e+003,4.682668e-002
3.228254e+003,4.678977e-002
3.228736e+003,4.675793e-002
3.229218e+003,4.673981e-002
3.229700e+003,4.673830e-002
3.230182e+003,4.674874e-002
3.230665e+003,4.676202e-002
3.231147e+003,4.676937e-002
3.231629e+003,4.676708e-002
3.232111e+003,4.675915e-002
3.232593e+003,4.675476e-002
3.233075e+003,4.676306e-002
3.233557e+003,4.678878e-002
3.234039e+003,4.682934e-002
3.234521e+003,4.687647e-002
3.235004e+003,4.691958e-002
3.235486e+003,4.695107e-002
3.235968e+003,4.696938e-002
3.236450e+003,4.697772e-002
3.236932e+003,4.698212e-002
3.237414e+003,4.698648e-002
3.237896e+003,4.699150e-002
3.238378e+003,4.699530e-002
3.238861e+003,4.699530e-002
3.239343e+003,4.699168e-002
3.239825e+003,4.698810e-002
3.240307e+003,4.698991e-002
3.240789e+003,4.700073e-002
3.241271e+003,4.701971e-002
3.241753e+003,4.704112e-002
3.242235e+003,4.705667e-002
3.242718e+003,4.706080e-002
3.243200e+003,4.705349e-002
3.243682e+003,4.704227e-002
3.244164e+003,4.703758e-002
3.244646e+003,4.704965e-002
3.245128e+003,4.708104e-002
3.245610e+003,4.712646e-002
3.246092e+003,4.717381e-002
3.246574e+003,4.721060e-002
3.247057e+003,4.722955e-002
3.247539e+003,4.723132e-002
3.248021e+003,4.722368e-002
3.248503e+003,4.721703e-002
3.248985e+003,4.721865e-002
3.249467e+003,4.722903e-002
3.249949e+003,4.724222e-002
3.250431e+003,4.724872e-002
3.250914e+003,4.724100e-002
3.251396e+003,4.721684e-002
3.251878e+003,4.718038e-002
3.252360e+003,4.713872e-002
3.252842e+003,4.709939e-002
3.253324e+003,4.706604e-002
3.253806e+003,4.703809e-002
3.254288e+003,4.701280e-002
3.254771e+003,4.698810e-002
3.255252e+003,4.696447e-002
3.255735e+003,4.694579e-002
3.256217e+003,4.693634e-002
3.256699e+003,4.693808e-002
3.257181e+003,4.694900e-002
3.257663e+003,4.696370e-002
3.258145e+003,4.697511e-002
3.258627e+003,4.697776e-002
3.259109e+003,4.697101e-002
3.259592e+003,4.695875e-002
3.260074e+003,4.694797e-002
3.260556e+003,4.694624e-002
3.261038e+003,4.695956e-002
3.261520e+003,4.699098e-002
3.262002e+003,4.704082e-002
3.262484e+003,4.710626e-002
3.262966e+003,4.718208e-002
3.263448e+003,4.725992e-002
3.263931e+003,4.732842e-002
3.264413e+003,4.737531e-002
3.264895e+003,4.738975e-002
3.265377e+003,4.736673e-002
3.265859e+003,4.731042e-002
3.266341e+003,4.723487e-002
3.266823e+003,4.716051e-002
3.267305e+003,4.710722e-002
3.267788e+003,4.708890e-002
3.268270e+003,4.710796e-002
3.268752e+003,4.715557e-002
3.269234e+003,4.721526e-002
3.269716e+003,4.726974e-002
3.270198e+003,4.730839e-002
3.270680e+003,4.732797e-002
3.271162e+003,4.733366e-002
3.271645e+003,4.733326e-002
3.272127e+003,4.733392e-002
3.272609e+003,4.733802e-002
3.273091e+003,4.734356e-002
3.273573e+003,4.734741e-002
3.274055e+003,4.734796e-002
3.274537e+003,4.734678e-002
3.275019e+003,4.734778e-002
3.275501e+003,4.735491e-002
3.275984e+003,4.736832e-002
3.276466e+003,4.738406e-002
3.276948e+003,4.739578e-002
3.277430e+003,4.739729e-002
3.277912e+003,4.738636e-002
3.278394e+003,4.736603e-002
3.278876e+003,4.734319e-002
3.279358e+003,4.732472e-002
3.279841e+003,4.731456e-002
3.280323e+003,4.731124e-002
3.280805e+003,4.730898e-002
3.281287e+003,4.730041e-002
3.281769e+003,4.727987e-002
3.282251e+003,4.724569e-002
3.282733e+003,4.720055e-002
3.283215e+003,4.714969e-002
3.283698e+003,4.709817e-002
3.284179e+003,4.705083e-002
3.284662e+003,4.701055e-002
3.285144e+003,4.698002e-002
3.285626e+003,4.696288e-002
3.286108e+003,4.696300e-002
3.286590e+003,4.698319e-002
3.287072e+003,4.702377e-002
3.287554e+003,4.708078e-002
3.288036e+003,4.714685e-002
3.288519e+003,4.721271e-002
3.289001e+003,4.727111e-002
3.289483e+003,4.731785e-002
3.289965e+003,4.735247e-002
3.290447e+003,4.737730e-002
3.290929e+003,4.739389e-002
3.291411e+003,4.740243e-002
3.291893e+003,4.740151e-002
3.292375e+003,4.738913e-002
3.292858e+003,4.736570e-002
3.293340e+003,4.733447e-002
3.293822e+003,4.730178e-002
3.294304e+003,4.727429e-002
3.294786e+003,4.725626e-002
3.295268e+003,4.724806e-002
3.295750e+003,4.724636e-002
3.296232e+003,4.724628e-002
3.296715e+003,4.724422e-002
3.297197e+003,4.723971e-002
3.297679e+003,4.723528e-002
3.298161e+003,4.723468e-002
3.298643e+003,4.723945e-002
3.299125e+003,4.724776e-002
3.299607e+003,4.725460e-002
3.300089e+003,4.725423e-002
3.300572e+003,4.724314e-002
3.301054e+003,4.722238e-002
3.301536e+003,4.719712e-002
3.302018e+003,4.717492e-002
3.302500e+003,4.716210e-002
3.302982e+003,4.716111e-002
3.303464e+003,4.716993e-002
3.303946e+003,4.718404e-002
3.304428e+003,4.719819e-002
3.304911e+003,4.720861e-002
3.305393e+003,4.721440e-002
3.305875e+003,4.721636e-002
3.306357e+003,4.721492e-002
3.306839e+003,4.720979e-002
3.307321e+003,4.719955e-002
3.307803e+003,4.718316e-002
3.308285e+003,4.716136e-002
3.308768e+003,4.713754e-002
3.309250e+003,4.711609e-002
3.309732e+003,4.710102e-002
3.310214e+003,4.709311e-002
3.310696e+003,4.708927e-002
3.311178e+003,4.708392e-002
3.311660e+003,4.707114e-002
3.312142e+003,4.704758e-002
3.312625e+003,4.701453e-002
3.313106e+003,4.697754e-002
3.313589e+003,4.694391e-002
3.314071e+003,4.692073e-002
3.314553e+003,4.691286e-002
3.315035e+003,4.692106e-002
3.315517e+003,4.694439e-002
3.315999e+003,4.697968e-002
3.316481e+003,4.702266e-002
3.316963e+003,4.706834e-002
3.317446e+003,4.711032e-002
3.317928e+003,4.714153e-002
3.318410e+003,4.715582e-002
3.318892e+003,4.715036e-002
3.319374e+003,4.712702e-002
3.319856e+003,4.709426e-002
3.320338e+003,4.706306e-002
3.320820e+003,4.704422e-002
3.321302e+003,4.704360e-002
3.321785e+003,4.705969e-002
3.322267e+003,4.708432e-002
3.322749e+003,4.710586e-002
3.323231e+003,4.711561e-002
3.323713e+003,4.711043e-002
3.324195e+003,4.709507e-002
3.324677e+003,4.707842e-002
3.325159e+003,4.707007e-002
3.325642e+003,4.707502e-002
3.326124e+003,4.709145e-002
3.326606e+003,4.711228e-002
3.327088e+003,4.712883e-002
3.327570e+003,4.713566e-002
3.328052e+003,4.713248e-002
3.328534e+003,4.712384e-002
3.329016e+003,4.711730e-002
3.329499e+003,4.711915e-002
3.329981e+003,4.713196e-002
3.330463e+003,4.715376e-002
3.330945e+003,4.717976e-002
3.331427e+003,4.720432e-002
3.331909e+003,4.722268e-002
3.332391e+003,4.723166e-002
3.332873e+003,4.722970e-002
3.333355e+003,4.721599e-002
3.333838e+003,4.719117e-002
3.334320e+003,4.715760e-002
3.334802e+003,4.712118e-002
3.335284e+003,4.708990e-002
3.335766e+003,4.707288e-002
3.336248e+003,4.707590e-002
3.336730e+003,4.709980e-002
3.337212e+003,4.713865e-002
3.337695e+003,4.718075e-002
3.338177e+003,4.721444e-002
3.338659e+003,4.723177e-002
3.339141e+003,4.723047e-002
3.339623e+003,4.721536e-002
3.340105e+003,4.719450e-002
3.340587e+003,4.717481e-002
3.341069e+003,4.715937e-002
3.341552e+003,4.714552e-002
3.342033e+003,4.712846e-002
3.342516e+003,4.710386e-002
3.342998e+003,4.707184e-002
3.343480e+003,4.703688e-002
3.343962e+003,4.700604e-002
3.344444e+003,4.698563e-002
3.344926e+003,4.697673e-002
3.345408e+003,4.697533e-002
3.345890e+003,4.697344e-002
3.346373e+003,4.696300e-002
3.346855e+003,4.693966e-002
3.347337e+003,4.690408e-002
3.347819e+003,4.686086e-002
3.348301e+003,4.681657e-002
3.348783e+003,4.677671e-002
3.349265e+003,4.674276e-002
3.349747e+003,4.671491e-002
3.350229e+003,4.669210e-002
3.350712e+003,4.667439e-002
3.351194e+003,4.666395e-002
3.351676e+003,4.666377e-002
3.352158e+003,4.667602e-002
3.352640e+003,4.670059e-002
3.353122e+003,4.673538e-002
3.353604e+003,4.677675e-002
3.354086e+003,4.682148e-002
3.354569e+003,4.686761e-002
3.355051e+003,4.691423e-002
3.355533e+003,4.695949e-002
3.356015e+003,4.699999e-002
3.356497e+003,4.702975e-002
3.356979e+003,4.704249e-002
3.357461e+003,4.703473e-002
3.357943e+003,4.700759e-002
3.358426e+003,4.696798e-002
3.358908e+003,4.692512e-002
3.359390e+003,4.688791e-002
3.359872e+003,4.686045e-002
3.360354e+003,4.684078e-002
3.360836e+003,4.682196e-002
3.361318e+003,4.679719e-002
3.361800e+003,4.676417e-002
3.362282e+003,4.672719e-002
3.362765e+003,4.669635e-002
3.363247e+003,4.668314e-002
3.363729e+003,4.669612e-002
3.364211e+003,4.673608e-002
3.364693e+003,4.679575e-002
3.365175e+003,4.686267e-002
3.365657e+003,4.692386e-002
3.366139e+003,4.696861e-002
3.366622e+003,4.699043e-002
3.367104e+003,4.698692e-002
3.367586e+003,4.695627e-002
3.368068e+003,4.689736e-002
3.368550e+003,4.681011e-002
3.369032e+003,4.669812e-002
3.369514e+003,4.657107e-002
3.369996e+003,4.644476e-002
3.370479e+003,4.633898e-002
3.370961e+003,4.627023e-002
3.371443e+003,4.624738e-002
3.371925e+003,4.626739e-002
3.372407e+003,4.631741e-002
3.372889e+003,4.637879e-002
3.373371e+003,4.643436e-002
3.373853e+003,4.647551e-002
3.374335e+003,4.650221e-002
3.374818e+003,4.652165e-002
3.375300e+003,4.654167e-002
3.375782e+003,4.656671e-002
3.376264e+003,4.659371e-002
3.376746e+003,4.661481e-002
3.377228e+003,4.662086e-002
3.377710e+003,4.660747e-002
3.378192e+003,4.657763e-002
3.378675e+003,4.654174e-002
3.379156e+003,4.651250e-002
3.379639e+003,4.650121e-002
3.380121e+003,4.651291e-002
3.380603e+003,4.654444e-002
3.381085e+003,4.658693e-002
3.381567e+003,4.662883e-002
3.382049e+003,4.665986e-002
3.382531e+003,4.667340e-002
3.383013e+003,4.666805e-002
3.383496e+003,4.664540e-002
3.383978e+003,4.661006e-002
3.384460e+003,4.656701e-002
3.384942e+003,4.652050e-002
3.385424e+003,4.647414e-002
3.385906e+003,4.643026e-002
3.386388e+003,4.638963e-002
3.386870e+003,4.635229e-002
3.387353e+003,4.631756e-002
3.387835e+003,4.628527e-002
3.388317e+003,4.625652e-002
3.388799e+003,4.623300e-002
3.389281e+003,4.621727e-002
3.389763e+003,4.621049e-002
3.390245e+003,4.621086e-002
3.390727e+003,4.621336e-002
3.391209e+003,4.621041e-002
3.391692e+003,4.619471e-002
3.392174e+003,4.616173e-002
3.392656e+003,4.611165e-002
3.393138e+003,4.605005e-002
3.393620e+003,4.598551e-002
3.394102e+003,4.592647e-002
3.394584e+003,4.587870e-002
3.395066e+003,4.584401e-002
3.395549e+003,4.582097e-002
3.396031e+003,4.580616e-002
3.396513e+003,4.579637e-002
3.396995e+003,4.578923e-002
3.397477e+003,4.578297e-002
3.397959e+003,4.577505e-002
3.398441e+003,4.576165e-002
3.398923e+003,4.573835e-002
3.399406e+003,4.570168e-002
3.399888e+003,4.565166e-002
3.400370e+003,4.559318e-002
3.400852e+003,4.553573e-002
3.401334e+003,4.549011e-002
3.401816e+003,4.546605e-002
3.402298e+003,4.546788e-002
3.402780e+003,4.549379e-002
3.403262e+003,4.553577e-002
3.403745e+003,4.558332e-002
3.404227e+003,4.562509e-002
3.404709e+003,4.565147e-002
3.405191e+003,4.565648e-002
3.405673e+003,4.563661e-002
3.406155e+003,4.559185e-002
3.406637e+003,4.552503e-002
3.407119e+003,4.544320e-002
3.407602e+003,4.535712e-002
3.408083e+003,4.527948e-002
3.408566e+003,4.522377e-002
3.409048e+003,4.519844e-002
3.409530e+003,4.520539e-002
3.410012e+003,4.523760e-002
3.410494e+003,4.528128e-002
3.410976e+003,4.532001e-002
3.411458e+003,4.533862e-002
3.411940e+003,4.532825e-002
3.412423e+003,4.528842e-002
3.412905e+003,4.522454e-002
3.413387e+003,4.514572e-002
3.413869e+003,4.506201e-002
3.414351e+003,4.498218e-002
3.414833e+003,4.491156e-002
3.415315e+003,4.485420e-002
3.415797e+003,4.481210e-002
3.416280e+003,4.478525e-002
3.416762e+003,4.477107e-002
3.417244e+003,4.476395e-002
3.417726e+003,4.475568e-002
3.418208e+003,4.473786e-002
3.418690e+003,4.470496e-002
3.419172e+003,4.465600e-002
3.419654e+003,4.459659e-002
3.420136e+003,4.453557e-002
3.420619e+003,4.448238e-002
3.421101e+003,4.444252e-002
3.421583e+003,4.441565e-002
3.422065e+003,4.439506e-002
3.422547e+003,4.437201e-002
3.423029e+003,4.433865e-002
3.423511e+003,4.429077e-002
3.423993e+003,4.422891e-002
3.424476e+003,4.415599e-002
3.424958e+003,4.407559e-002
3.425440e+003,4.398989e-002
3.425922e+003,4.389923e-002
3.426404e+003,4.380330e-002
3.426886e+003,4.370352e-002
3.427368e+003,4.360361e-002
3.427850e+003,4.350987e-002
3.428333e+003,4.342886e-002
3.428815e+003,4.336563e-002
3.429297e+003,4.332231e-002
3.429779e+003,4.329786e-002
3.430261e+003,4.328944e-002
3.430743e+003,4.329416e-002
3.431225e+003,4.330961e-002
3.431707e+003,4.333326e-002
3.432189e+003,4.336149e-002
3.432672e+003,4.338782e-002
3.433154e+003,4.340378e-002
3.433636e+003,4.340045e-002
3.434118e+003,4.337222e-002
3.434600e+003,4.331844e-002
3.435082e+003,4.324489e-002
3.435564e+003,4.316185e-002
3.436046e+003,4.308058e-002
3.436529e+003,4.300879e-002
3.437010e+003,4.294898e-002
3.437493e+003,4.289781e-002
3.437975e+003,4.284881e-002
3.438457e+003,4.279520e-002
3.438939e+003,4.273242e-002
3.439421e+003,4.266037e-002
3.439903e+003,4.258255e-002
3.440385e+003,4.250475e-002
3.440867e+003,4.243324e-002
3.441350e+003,4.237435e-002
3.441832e+003,4.233271e-002
3.442314e+003,4.231058e-002
3.442796e+003,4.230689e-002
3.443278e+003,4.231613e-002
3.443760e+003,4.232800e-002
3.444242e+003,4.232869e-002
3.444724e+003,4.230451e-002
3.445207e+003,4.224553e-002
3.445689e+003,4.214972e-002
3.446171e+003,4.202414e-002
3.446653e+003,4.188484e-002
3.447135e+003,4.175043e-002
3.447617e+003,4.163492e-002
3.448099e+003,4.154493e-002
3.448581e+003,4.147741e-002
3.449063e+003,4.142357e-002
3.449546e+003,4.137280e-002
3.450028e+003,4.131730e-002
3.450510e+003,4.125327e-002
3.450992e+003,4.118092e-002
3.451474e+003,4.110176e-002
3.451956e+003,4.101650e-002
3.452438e+003,4.092522e-002
3.452920e+003,4.082809e-002
3.453403e+003,4.072724e-002
3.453885e+003,4.062867e-002
3.454367e+003,4.054045e-002
3.454849e+003,4.047072e-002
3.455331e+003,4.042355e-002
3.455813e+003,4.039707e-002
3.456295e+003,4.038322e-002
3.456777e+003,4.037159e-002
3.457260e+003,4.035351e-002
3.457742e+003,4.032479e-002
3.458224e+003,4.028698e-002
3.458706e+003,4.024510e-002
3.459188e+003,4.020435e-002
3.459670e+003,4.016695e-002
3.460152e+003,4.013159e-002
3.460634e+003,4.009434e-002
3.461116e+003,4.005306e-002
3.461599e+003,4.000815e-002
3.462081e+003,3.996427e-002
3.462563e+003,3.992667e-002
3.463045e+003,3.989896e-002
3.463527e+003,3.987971e-002
3.464009e+003,3.986318e-002
3.464491e+003,3.984066e-002
3.464973e+003,3.980475e-002
3.465456e+003,3.975268e-002
3.465938e+003,3.968515e-002
3.466420e+003,3.960648e-002
3.466902e+003,3.952035e-002
3.467384e+003,3.942775e-002
3.467866e+003,3.932722e-002
3.468348e+003,3.921743e-002
3.468830e+003,3.910020e-002
3.469313e+003,3.898286e-002
3.469794e+003,3.887856e-002
3.470277e+003,3.880189e-002
3.470759e+003,3.876308e-002
3.471241e+003,3.876442e-002
3.471723e+003,3.879775e-002
3.472205e+003,3.884801e-002
3.472687e+003,3.889649e-002
3.473169e+003,3.892708e-002
3.473651e+003,3.893179e-002
3.474134e+003,3.891019e-002
3.474616e+003,3.886855e-002
3.475098e+003,3.881732e-002
3.475580e+003,3.876725e-002
3.476062e+003,3.872697e-002
3.476544e+003,3.870212e-002
3.477026e+003,3.869531e-002
3.477508e+003,3.870501e-002
3.477990e+003,3.872584e-002
3.478473e+003,3.874794e-002
3.478955e+003,3.875913e-002
3.479437e+003,3.874657e-002
3.479919e+003,3.870067e-002
3.480401e+003,3.861914e-002
3.480883e+003,3.850823e-002
3.481365e+003,3.838130e-002
3.481847e+003,3.825435e-002
3.482330e+003,3.814273e-002
3.482812e+003,3.805527e-002
3.483294e+003,3.799469e-002
3.483776e+003,3.795795e-002
3.484258e+003,3.793954e-002
3.484740e+003,3.793300e-002
3.485222e+003,3.793224e-002
3.485704e+003,3.793112e-002
3.486187e+003,3.792360e-002
3.486669e+003,3.790313e-002
3.487151e+003,3.786528e-002
3.487633e+003,3.780842e-002
3.488115e+003,3.773588e-002
3.488597e+003,3.765438e-002
3.489079e+003,3.757164e-002
3.489561e+003,3.749340e-002
3.490043e+003,3.742105e-002
3.490526e+003,3.735124e-002
3.491008e+003,3.727914e-002
3.491490e+003,3.720152e-002
3.491972e+003,3.712049e-002
3.492454e+003,3.704341e-002
3.492936e+003,3.698080e-002
3.493418e+003,3.694224e-002
3.493900e+003,3.693160e-002
3.494383e+003,3.694494e-002
3.494865e+003,3.697200e-002
3.495347e+003,3.700032e-002
3.495829e+003,3.701916e-002
3.496311e+003,3.702320e-002
3.496793e+003,3.701285e-002
3.497275e+003,3.699148e-002
3.497757e+003,3.696291e-002
3.498240e+003,3.692839e-002
3.498721e+003,3.688672e-002
3.499204e+003,3.683572e-002
3.499686e+003,3.677441e-002
3.500168e+003,3.670341e-002
3.500650e+003,3.662478e-002
3.501132e+003,3.654018e-002
3.501614e+003,3.644915e-002
3.502096e+003,3.634999e-002
3.502578e+003,3.624077e-002
3.503061e+003,3.612322e-002
3.503543e+003,3.600413e-002
3.504025e+003,3.589467e-002
3.504507e+003,3.580629e-002
3.504989e+003,3.574516e-002
3.505471e+003,3.571016e-002
3.505953e+003,3.569145e-002
3.506435e+003,3.567458e-002
3.506917e+003,3.564455e-002
3.507400e+003,3.559100e-002
3.507882e+003,3.551181e-002
3.508364e+003,3.541240e-002
3.508846e+003,3.530241e-002
3.509328e+003,3.519087e-002
3.509810e+003,3.508380e-002
3.510292e+003,3.498198e-002
3.510774e+003,3.488441e-002
3.511257e+003,3.479093e-002
3.511739e+003,3.470359e-002
3.512221e+003,3.462647e-002
3.512703e+003,3.456300e-002
3.513185e+003,3.451277e-002
3.513667e+003,3.447116e-002
3.514149e+003,3.442959e-002
3.514631e+003,3.438002e-002
3.515114e+003,3.431737e-002
3.515596e+003,3.424261e-002
3.516078e+003,3.416073e-002
3.516560e+003,3.408016e-002
3.517042e+003,3.400713e-002
3.517524e+003,3.394514e-002
3.518006e+003,3.389398e-002
3.518488e+003,3.385157e-002
3.518970e+003,3.381611e-002
3.519453e+003,3.378714e-002
3.519935e+003,3.376532e-002
3.520417e+003,3.374982e-002
3.520899e+003,3.373728e-002
3.521381e+003,3.372106e-002
3.521863e+003,3.369227e-002
3.522345e+003,3.364408e-002
3.522827e+003,3.357352e-002
3.523310e+003,3.348464e-002
3.523792e+003,3.338519e-002
3.524274e+003,3.328466e-002
3.524756e+003,3.319116e-002
3.525238e+003,3.310854e-002
3.525720e+003,3.303804e-002
3.526202e+003,3.297912e-002
3.526684e+003,3.293079e-002
3.527167e+003,3.289119e-002
3.527648e+003,3.285645e-002
3.528131e+003,3.281985e-002
3.528613e+003,3.277104e-002
3.529095e+003,3.270023e-002
3.529577e+003,3.260167e-002
3.530059e+003,3.247797e-002
3.530541e+003,3.233987e-002
3.531023e+003,3.220343e-002
3.531505e+003,3.208519e-002
3.531988e+003,3.199426e-002
3.532470e+003,3.192882e-002
3.532952e+003,3.187548e-002
3.533434e+003,3.181621e-002
3.533916e+003,3.173401e-002
3.534398e+003,3.161992e-002
3.534880e+003,3.147804e-002
3.535362e+003,3.132338e-002
3.535844e+003,3.117761e-002
3.536327e+003,3.105872e-002
3.536809e+003,3.097876e-002
3.537291e+003,3.094008e-002
3.537773e+003,3.093862e-002
3.538255e+003,3.096794e-002
3.538737e+003,3.102125e-002
3.539219e+003,3.109282e-002
3.539701e+003,3.117487e-002
3.540184e+003,3.125608e-002
3.540666e+003,3.132132e-002
3.541148e+003,3.135287e-002
3.541630e+003,3.133500e-002
3.542112e+003,3.125875e-002
3.542594e+003,3.112475e-002
3.543076e+003,3.094297e-002
3.543558e+003,3.073213e-002
3.544041e+003,3.051357e-002
3.544523e+003,3.030568e-002
3.545005e+003,3.012264e-002
3.545487e+003,2.997241e-002
3.545969e+003,2.985775e-002
3.546451e+003,2.977897e-002
3.546933e+003,2.973337e-002
3.547415e+003,2.971566e-002
3.547897e+003,2.971751e-002
3.548380e+003,2.972798e-002
3.548862e+003,2.973543e-002
3.549344e+003,2.972858e-002
3.549826e+003,2.970002e-002
3.550308e+003,2.964577e-002
3.550790e+003,2.956657e-002
3.551272e+003,2.946606e-002
3.551754e+003,2.934909e-002
3.552237e+003,2.922018e-002
3.552719e+003,2.908294e-002
3.553201e+003,2.894068e-002
3.553683e+003,2.879815e-002
3.554165e+003,2.866182e-002
3.554647e+003,2.853998e-002
3.555129e+003,2.844137e-002
3.555611e+003,2.837215e-002
3.556094e+003,2.833579e-002
3.556575e+003,2.833108e-002
3.557058e+003,2.835283e-002
3.557540e+003,2.839220e-002
3.558022e+003,2.843879e-002
3.558504e+003,2.848103e-002
3.558986e+003,2.850774e-002
3.559468e+003,2.851086e-002
3.559950e+003,2.848623e-002
3.560432e+003,2.843606e-002
3.560915e+003,2.836797e-002
3.561397e+003,2.829381e-002
3.561879e+003,2.822552e-002
3.562361e+003,2.817072e-002
3.562843e+003,2.812992e-002
3.563325e+003,2.809457e-002
3.563807e+003,2.804823e-002
3.564289e+003,2.796829e-002
3.564771e+003,2.783339e-002
3.565254e+003,2.762988e-002
3.565736e+003,2.735871e-002
3.566218e+003,2.704049e-002
3.566700e+003,2.671134e-002
3.567182e+003,2.641123e-002
3.567664e+003,2.616879e-002
3.568146e+003,2.599491e-002
3.568628e+003,2.588373e-002
3.569111e+003,2.582103e-002
3.569593e+003,2.578854e-002
3.570075e+003,2.576941e-002
3.570557e+003,2.575074e-002
3.571039e+003,2.572339e-002
3.571521e+003,2.568433e-002
3.572003e+003,2.563600e-002
3.572485e+003,2.558560e-002
3.572968e+003,2.554202e-002
3.573450e+003,2.551191e-002
3.573932e+003,2.549641e-002
3.574414e+003,2.548998e-002
3.574896e+003,2.548123e-002
3.575378e+003,2.545709e-002
3.575860e+003,2.540791e-002
3.576342e+003,2.533136e-002
3.576824e+003,2.523271e-002
3.577307e+003,2.512281e-002
3.577789e+003,2.501603e-002
3.578271e+003,2.492492e-002
3.578753e+003,2.485812e-002
3.579235e+003,2.482001e-002
3.579717e+003,2.481110e-002
3.580199e+003,2.482931e-002
3.580681e+003,2.487071e-002
3.581164e+003,2.492980e-002
3.581646e+003,2.499890e-002
3.582128e+003,2.506808e-002
3.582610e+003,2.512710e-002
3.583092e+003,2.516638e-002
3.583574e+003,2.517913e-002
3.584056e+003,2.516196e-002
3.584538e+003,2.511407e-002
3.585021e+003,2.503625e-002
3.585502e+003,2.492903e-002
3.585985e+003,2.479360e-002
3.586467e+003,2.463376e-002
3.586949e+003,2.445948e-002
3.587431e+003,2.428677e-002
3.587913e+003,2.413409e-002
3.588395e+003,2.401484e-002
3.588877e+003,2.393332e-002
3.589359e+003,2.388301e-002
3.589842e+003,2.385039e-002
3.590324e+003,2.381703e-002
3.590806e+003,2.376747e-002
3.591288e+003,2.369111e-002
3.591770e+003,2.358584e-002
3.592252e+003,2.345785e-002
3.592734e+003,2.331997e-002
3.593216e+003,2.318620e-002
3.593698e+003,2.306570e-002
3.594181e+003,2.295942e-002
3.594663e+003,2.286211e-002
3.595145e+003,2.276587e-002
3.595627e+003,2.266493e-002
3.596109e+003,2.255914e-002
3.596591e+003,2.245221e-002
3.597073e+003,2.234937e-002
3.597555e+003,2.225379e-002
3.598038e+003,2.216578e-002
3.598520e+003,2.208307e-002
3.599002e+003,2.200349e-002
3.599484e+003,2.192667e-002
3.599966e+003,2.185538e-002
3.600448e+003,2.179395e-002
3.600930e+003,2.174626e-002
3.601412e+003,2.171275e-002
3.601895e+003,2.169035e-002
3.602377e+003,2.167356e-002
3.602859e+003,2.165625e-002
3.603341e+003,2.163508e-002
3.603823e+003,2.160900e-002
3.604305e+003,2.157978e-002
3.604787e+003,2.155032e-002
3.605269e+003,2.152389e-002
3.605751e+003,2.150265e-002
3.606234e+003,2.148835e-002
3.606716e+003,2.148128e-002
3.607198e+003,2.148030e-002
3.607680e+003,2.148267e-002
3.608162e+003,2.148291e-002
3.608644e+003,2.147470e-002
3.609126e+003,2.145110e-002
3.609608e+003,2.140769e-002
3.610091e+003,2.134312e-002
3.610573e+003,2.125960e-002
3.611055e+003,2.116264e-002
3.611537e+003,2.105710e-002
3.612019e+003,2.094825e-002
3.612501e+003,2.083964e-002
3.612983e+003,2.073370e-002
3.613465e+003,2.063441e-002
3.613948e+003,2.054877e-002
3.614429e+003,2.048597e-002
3.614912e+003,2.045679e-002
3.615394e+003,2.046819e-002
3.615876e+003,2.051886e-002
3.616358e+003,2.059554e-002
3.616840e+003,2.067403e-002
3.617322e+003,2.072122e-002
3.617804e+003,2.070697e-002
3.618286e+003,2.061725e-002
3.618769e+003,2.046103e-002
3.619251e+003,2.026706e-002
3.619733e+003,2.006811e-002
3.620215e+003,1.988888e-002
3.620697e+003,1.973583e-002
3.621179e+003,1.960187e-002
3.621661e+003,1.947284e-002
3.622143e+003,1.933816e-002
3.622625e+003,1.919525e-002
3.623108e+003,1.905200e-002
3.623590e+003,1.892223e-002
3.624072e+003,1.882139e-002
3.624554e+003,1.876011e-002
3.625036e+003,1.873873e-002
3.625518e+003,1.874641e-002
3.626000e+003,1.876125e-002
3.626482e+003,1.875565e-002
3.626965e+003,1.869746e-002
3.627447e+003,1.856050e-002
3.627929e+003,1.833876e-002
3.628411e+003,1.805761e-002
3.628893e+003,1.776708e-002
3.629375e+003,1.751507e-002
3.629857e+003,1.732717e-002
3.630339e+003,1.720408e-002
3.630822e+003,1.713180e-002
3.631304e+003,1.709123e-002
3.631786e+003,1.706463e-002
3.632268e+003,1.703678e-002
3.632750e+003,1.699781e-002
3.633232e+003,1.694609e-002
3.633714e+003,1.688849e-002
3.634196e+003,1.683720e-002
3.634678e+003,1.680369e-002
3.635161e+003,1.679381e-002
3.635643e+003,1.680335e-002
3.636125e+003,1.682108e-002
3.636607e+003,1.683135e-002
3.637089e+003,1.682122e-002
3.637571e+003,1.678554e-002
3.638053e+003,1.672872e-002
3.638535e+003,1.666206e-002
3.639018e+003,1.659775e-002
3.639500e+003,1.654357e-002
3.639982e+003,1.649865e-002
3.640464e+003,1.645587e-002
3.640946e+003,1.640601e-002
3.641428e+003,1.634397e-002
3.641910e+003,1.627455e-002
3.642392e+003,1.621202e-002
3.642875e+003,1.617525e-002
3.643356e+003,1.618302e-002
3.643839e+003,1.624703e-002
3.644321e+003,1.636885e-002
3.644803e+003,1.653799e-002
3.645285e+003,1.673313e-002
3.645767e+003,1.692401e-002
3.646249e+003,1.707293e-002
3.646731e+003,1.714352e-002
3.647213e+003,1.710774e-002
3.647696e+003,1.695550e-002
3.648178e+003,1.669501e-002
3.648660e+003,1.635257e-002
3.649142e+003,1.596558e-002
3.649624e+003,1.557347e-002
3.650106e+003,1.521044e-002
3.650588e+003,1.489938e-002
3.651070e+003,1.464770e-002
3.651552e+003,1.445127e-002
3.652035e+003,1.429944e-002
3.652517e+003,1.417916e-002
3.652999e+003,1.407733e-002
3.653481e+003,1.398267e-002
3.653963e+003,1.388588e-002
3.654445e+003,1.378018e-002
3.654927e+003,1.366466e-002
3.655409e+003,1.354496e-002
3.655892e+003,1.343354e-002
3.656374e+003,1.334418e-002
3.656856e+003,1.328603e-002
3.657338e+003,1.325963e-002
3.657820e+003,1.325723e-002
3.658302e+003,1.326512e-002
3.658784e+003,1.326806e-002
3.659266e+003,1.325477e-002
3.659749e+003,1.322010e-002
3.660231e+003,1.316918e-002
3.660713e+003,1.311498e-002
3.661195e+003,1.307605e-002
3.661677e+003,1.306737e-002
3.662159e+003,1.309544e-002
3.662641e+003,1.315497e-002
3.663123e+003,1.323195e-002
3.663605e+003,1.330940e-002
3.664088e+003,1.337469e-002
3.664570e+003,1.342592e-002
3.665052e+003,1.347192e-002
3.665534e+003,1.352845e-002
3.666016e+003,1.360964e-002
3.666498e+003,1.372139e-002
3.666980e+003,1.385276e-002
3.667462e+003,1.397668e-002
3.667945e+003,1.404837e-002
3.668427e+003,1.402014e-002
3.668909e+003,1.386292e-002
3.669391e+003,1.358824e-002
3.669873e+003,1.325167e-002
3.670355e+003,1.292863e-002
3.670837e+003,1.268302e-002
3.671319e+003,1.254252e-002
3.671802e+003,1.250613e-002
3.672283e+003,1.255463e-002
3.672766e+003,1.266235e-002
3.673248e+003,1.279661e-002
3.673730e+003,1.291757e-002
3.674212e+003,1.298427e-002
3.674694e+003,1.296631e-002
3.675176e+003,1.286647e-002
3.675658e+003,1.272161e-002
3.676140e+003,1.258048e-002
3.676623e+003,1.247347e-002
3.677105e+003,1.240483e-002
3.677587e+003,1.236310e-002
3.678069e+003,1.232922e-002
3.678551e+003,1.228565e-002
3.679033e+003,1.222004e-002
3.679515e+003,1.212974e-002
3.679997e+003,1.202011e-002
3.680479e+003,1.190152e-002
3.680962e+003,1.178343e-002
3.681444e+003,1.167123e-002
3.681926e+003,1.156689e-002
3.682408e+003,1.146985e-002
3.682890e+003,1.138096e-002
3.683372e+003,1.130379e-002
3.683854e+003,1.124524e-002
3.684336e+003,1.121321e-002
3.684819e+003,1.121436e-002
3.685301e+003,1.125149e-002
3.685783e+003,1.132359e-002
3.686265e+003,1.142563e-002
3.686747e+003,1.155066e-002
3.687229e+003,1.168883e-002
3.687711e+003,1.183014e-002
3.688193e+003,1.196347e-002
3.688676e+003,1.207557e-002
3.689158e+003,1.215189e-002
3.689640e+003,1.217912e-002
3.690122e+003,1.214876e-002
3.690604e+003,1.206215e-002
3.691086e+003,1.193213e-002
3.691568e+003,1.178156e-002
3.692050e+003,1.163481e-002
3.692532e+003,1.151517e-002
3.693015e+003,1.143678e-002
3.693497e+003,1.140389e-002
3.693979e+003,1.141222e-002
3.694461e+003,1.145182e-002
3.694943e+003,1.150993e-002
3.695425e+003,1.157339e-002
3.695907e+003,1.163189e-002
3.696389e+003,1.167855e-002
3.696872e+003,1.170987e-002
3.697354e+003,1.172515e-002
3.697836e+003,1.172573e-002
3.698318e+003,1.171242e-002
3.698800e+003,1.168440e-002
3.699282e+003,1.163798e-002
3.699764e+003,1.156522e-002
3.700246e+003,1.145648e-002
3.700729e+003,1.130396e-002
3.701211e+003,1.110856e-002
3.701693e+003,1.088495e-002
3.702175e+003,1.066145e-002
3.702657e+003,1.047208e-002
3.703139e+003,1.034654e-002
3.703621e+003,1.030365e-002
3.704103e+003,1.034424e-002
3.704585e+003,1.045273e-002
3.705068e+003,1.059976e-002
3.705550e+003,1.075152e-002
3.706032e+003,1.087564e-002
3.706514e+003,1.094934e-002
3.706996e+003,1.096456e-002
3.707478e+003,1.092576e-002
3.707960e+003,1.084517e-002
3.708442e+003,1.073355e-002
3.708925e+003,1.059687e-002
3.709406e+003,1.043291e-002
3.709889e+003,1.023930e-002
3.710371e+003,1.002250e-002
3.710853e+003,9.803075e-003
3.711335e+003,9.611738e-003
3.711817e+003,9.477815e-003
3.712299e+003,9.412901e-003
3.712781e+003,9.408127e-003
3.713263e+003,9.439245e-003
3.713746e+003,9.479102e-003
3.714228e+003,9.505111e-003
3.714710e+003,9.505586e-003
3.715192e+003,9.480422e-003
3.715674e+003,9.439684e-003
3.716156e+003,9.399763e-003
3.716638e+003,9.378399e-003
3.717120e+003,9.392145e-003
3.717603e+003,9.451096e-003
3.718085e+003,9.557575e-003
3.718567e+003,9.705923e-003
3.719049e+003,9.884895e-003
3.719531e+003,1.007985e-002
3.720013e+003,1.027244e-002
3.720495e+003,1.044499e-002
3.720977e+003,1.058173e-002
3.721459e+003,1.067300e-002
3.721942e+003,1.071847e-002
3.722424e+003,1.072788e-002
3.722906e+003,1.071749e-002
3.723388e+003,1.070309e-002
3.723870e+003,1.069507e-002
3.724352e+003,1.069650e-002
3.724834e+003,1.070231e-002
3.725316e+003,1.070367e-002
3.725799e+003,1.069365e-002
3.726281e+003,1.067140e-002
3.726763e+003,1.064295e-002
3.727245e+003,1.061755e-002
3.727727e+003,1.060451e-002
3.728209e+003,1.060899e-002
3.728691e+003,1.063218e-002
3.729173e+003,1.067066e-002
3.729656e+003,1.071868e-002
3.730138e+003,1.077017e-002
3.730620e+003,1.081945e-002
3.731102e+003,1.086300e-002
3.731584e+003,1.090160e-002
3.732066e+003,1.093911e-002
3.732548e+003,1.098118e-002
3.733030e+003,1.103117e-002
3.733512e+003,1.108773e-002
3.733995e+003,1.114144e-002
3.734477e+003,1.117737e-002
3.734959e+003,1.117785e-002
3.735441e+003,1.113335e-002
3.735923e+003,1.104942e-002
3.736405e+003,1.094424e-002
3.736887e+003,1.084164e-002
3.737369e+003,1.076412e-002
3.737852e+003,1.072805e-002
3.738333e+003,1.074184e-002
3.738816e+003,1.080828e-002
3.739298e+003,1.092416e-002
3.739780e+003,1.108260e-002
3.740262e+003,1.127547e-002
3.740744e+003,1.149407e-002
3.741226e+003,1.173077e-002
3.741708e+003,1.197171e-002
3.742190e+003,1.219207e-002
3.742673e+003,1.235168e-002
3.743155e+003,1.239614e-002
3.743637e+003,1.228688e-002
3.744119e+003,1.203728e-002
3.744601e+003,1.172192e-002
3.745083e+003,1.143144e-002
3.745565e+003,1.122983e-002
3.746047e+003,1.114341e-002
3.746530e+003,1.116897e-002
3.747012e+003,1.128900e-002
3.747494e+003,1.147655e-002
3.747976e+003,1.170020e-002
3.748458e+003,1.192062e-002
3.748940e+003,1.209823e-002
3.749422e+003,1.220437e-002
3.749904e+003,1.222618e-002
3.750386e+003,1.217015e-002
3.750869e+003,1.205421e-002
3.751351e+003,1.190216e-002
3.751833e+003,1.173696e-002
3.752315e+003,1.157822e-002
3.752797e+003,1.144097e-002
3.753279e+003,1.133403e-002
3.753761e+003,1.125986e-002
3.754243e+003,1.121712e-002
3.754726e+003,1.120124e-002
3.755208e+003,1.120664e-002
3.755690e+003,1.122783e-002
3.756172e+003,1.126067e-002
3.756654e+003,1.130131e-002
3.757136e+003,1.134464e-002
3.757618e+003,1.138433e-002
3.758100e+003,1.141080e-002
3.758583e+003,1.141430e-002
3.759065e+003,1.138960e-002
3.759547e+003,1.133889e-002
3.760029e+003,1.127366e-002
3.760511e+003,1.121021e-002
3.760993e+003,1.116442e-002
3.761475e+003,1.114494e-002
3.761957e+003,1.115221e-002
3.762439e+003,1.117839e-002
3.762922e+003,1.121222e-002
3.763404e+003,1.124082e-002
3.763886e+003,1.125578e-002
3.764368e+003,1.125557e-002
3.764850e+003,1.124707e-002
3.765332e+003,1.124156e-002
3.765814e+003,1.124751e-002
3.766296e+003,1.126639e-002
3.766779e+003,1.129097e-002
3.767260e+003,1.130781e-002
3.767743e+003,1.130090e-002
3.768225e+003,1.125687e-002
3.768707e+003,1.117084e-002
3.769189e+003,1.104983e-002
3.769671e+003,1.091176e-002
3.770153e+003,1.078056e-002
3.770635e+003,1.067765e-002
3.771117e+003,1.061510e-002
3.771600e+003,1.059555e-002
3.772082e+003,1.061290e-002
3.772564e+003,1.065568e-002
3.773046e+003,1.070923e-002
3.773528e+003,1.075892e-002
3.774010e+003,1.079479e-002
3.774492e+003,1.081242e-002
3.774974e+003,1.081466e-002
3.775457e+003,1.080902e-002
3.775939e+003,1.080362e-002
3.776421e+003,1.080175e-002
3.776903e+003,1.079870e-002
3.777385e+003,1.078250e-002
3.777867e+003,1.073892e-002
3.778349e+003,1.066023e-002
3.778831e+003,1.055416e-002
3.779313e+003,1.044418e-002
3.779796e+003,1.036361e-002
3.780278e+003,1.034169e-002
3.780760e+003,1.039185e-002
3.781242e+003,1.050908e-002
3.781724e+003,1.067249e-002
3.782206e+003,1.085139e-002
3.782688e+003,1.100867e-002
3.783170e+003,1.111023e-002
3.783653e+003,1.113229e-002
3.784135e+003,1.106557e-002
3.784617e+003,1.091804e-002
3.785099e+003,1.071015e-002
3.785581e+003,1.047018e-002
3.786063e+003,1.022512e-002
3.786545e+003,1.000057e-002
3.787027e+003,9.819072e-003
3.787510e+003,9.697079e-003
3.787992e+003,9.644768e-003
3.788474e+003,9.662962e-003
3.788956e+003,9.742144e-003
3.789438e+003,9.864049e-003
3.789920e+003,1.000535e-002
3.790402e+003,1.014476e-002
3.790884e+003,1.026501e-002
3.791366e+003,1.035842e-002
3.791849e+003,1.042599e-002
3.792331e+003,1.047513e-002
3.792813e+003,1.051570e-002
3.793295e+003,1.055565e-002
3.793777e+003,1.059898e-002
3.794259e+003,1.064393e-002
3.794741e+003,1.068387e-002
3.795223e+003,1.070961e-002
3.795706e+003,1.071409e-002
3.796188e+003,1.069626e-002
3.796670e+003,1.066234e-002
3.797152e+003,1.062386e-002
3.797634e+003,1.059273e-002
3.798116e+003,1.057558e-002
3.798598e+003,1.056951e-002
3.799080e+003,1.055874e-002
3.799563e+003,1.051427e-002
3.800044e+003,1.040179e-002
3.800527e+003,1.019615e-002
3.801009e+003,9.905878e-003
3.801491e+003,9.578778e-003
3.801973e+003,9.282661e-003
3.802455e+003,9.068748e-003
3.802937e+003,8.957519e-003
3.803419e+003,8.940844e-003
3.803901e+003,8.993409e-003
3.804384e+003,9.082755e-003
3.804866e+003,9.176724e-003
3.805348e+003,9.253585e-003
3.805830e+003,9.307439e-003
3.806312e+003,9.353142e-003
3.806794e+003,9.415982e-003
3.807276e+003,9.517134e-003
3.807758e+003,9.656694e-003
3.808240e+003,9.814632e-003
3.808723e+003,9.958559e-003
3.809205e+003,1.005828e-002
3.809687e+003,1.009378e-002
3.810169e+003,1.006147e-002
3.810651e+003,9.976053e-003
3.811133e+003,9.867812e-003
3.811615e+003,9.773965e-003
3.812097e+003,9.724829e-003
3.812580e+003,9.738620e-003
3.813062e+003,9.816056e-003
3.813544e+003,9.942558e-003
3.814026e+003,1.008873e-002
3.814508e+003,1.021782e-002
3.814990e+003,1.029765e-002
3.815472e+003,1.031166e-002
3.815954e+003,1.026864e-002
3.816437e+003,1.019425e-002
3.816919e+003,1.011691e-002
3.817401e+003,1.005336e-002
3.817883e+003,1.000494e-002
3.818365e+003,9.959576e-003
3.818847e+003,9.896386e-003
3.819329e+003,9.791417e-003
3.819811e+003,9.629354e-003
3.820293e+003,9.418420e-003
3.820776e+003,9.197266e-003
3.821258e+003,9.020471e-003
3.821740e+003,8.929107e-003
3.822222e+003,8.938510e-003
3.822704e+003,9.040769e-003
3.823186e+003,9.216049e-003
3.823668e+003,9.441005e-003
3.824150e+003,9.692742e-003
3.824633e+003,9.948524e-003
3.825115e+003,1.018268e-002
3.825597e+003,1.037104e-002
3.826079e+003,1.049428e-002
3.826561e+003,1.054337e-002
3.827043e+003,1.052317e-002
3.827525e+003,1.045158e-002
3.828007e+003,1.035564e-002
3.828490e+003,1.026464e-002
3.828971e+003,1.020866e-002
3.829454e+003,1.021121e-002
3.829936e+003,1.028282e-002
3.830418e+003,1.041584e-002
3.830900e+003,1.058258e-002
3.831382e+003,1.074473e-002
3.831864e+003,1.086358e-002
3.832346e+003,1.091543e-002
3.832828e+003,1.089759e-002
3.833311e+003,1.082560e-002
3.833793e+003,1.072336e-002
3.834275e+003,1.061466e-002
3.834757e+003,1.051648e-002
3.835239e+003,1.043485e-002
3.835721e+003,1.036799e-002
3.836203e+003,1.031139e-002
3.836685e+003,1.026447e-002
3.837167e+003,1.023238e-002
3.837650e+003,1.022308e-002
3.838132e+003,1.023943e-002
3.838614e+003,1.027522e-002
3.839096e+003,1.031556e-002
3.839578e+003,1.034481e-002
3.840060e+003,1.035313e-002
3.840542e+003,1.034196e-002
3.841024e+003,1.032181e-002
3.841507e+003,1.031034e-002
3.841989e+003,1.032405e-002
3.842471e+003,1.037233e-002
3.842953e+003,1.045538e-002
3.843435e+003,1.056438e-002
3.843917e+003,1.068556e-002
3.844399e+003,1.080512e-002
3.844881e+003,1.091288e-002
3.845364e+003,1.100205e-002
3.845846e+003,1.106784e-002
3.846328e+003,1.110666e-002
3.846810e+003,1.111563e-002
3.847292e+003,1.109561e-002
3.847774e+003,1.105326e-002
3.848256e+003,1.100466e-002
3.848738e+003,1.097306e-002
3.849220e+003,1.098492e-002
3.849703e+003,1.106523e-002
3.850185e+003,1.123000e-002
3.850667e+003,1.147962e-002
3.851149e+003,1.178953e-002
3.851631e+003,1.210685e-002
3.852113e+003,1.235113e-002
3.852595e+003,1.244199e-002
3.853077e+003,1.235055e-002
3.853560e+003,1.211768e-002
3.854042e+003,1.182361e-002
3.854524e+003,1.153426e-002
3.855006e+003,1.128628e-002
3.855488e+003,1.108888e-002
3.855970e+003,1.093921e-002
3.856452e+003,1.083124e-002
3.856934e+003,1.075848e-002
3.857417e+003,1.071525e-002
3.857898e+003,1.069626e-002
3.858381e+003,1.069701e-002
3.858863e+003,1.071562e-002
3.859345e+003,1.075308e-002
3.859827e+003,1.081436e-002
3.860309e+003,1.090530e-002
3.860791e+003,1.102910e-002
3.861273e+003,1.118213e-002
3.861755e+003,1.135076e-002
3.862238e+003,1.151075e-002
3.862720e+003,1.163573e-002
3.863202e+003,1.170105e-002
3.863684e+003,1.169496e-002
3.864166e+003,1.162399e-002
3.864648e+003,1.151452e-002
3.865130e+003,1.140243e-002
3.865612e+003,1.132025e-002
3.866094e+003,1.129121e-002
3.866577e+003,1.132355e-002
3.867059e+003,1.141406e-002
3.867541e+003,1.154698e-002
3.868023e+003,1.169669e-002
3.868505e+003,1.182613e-002
3.868987e+003,1.189484e-002
3.869469e+003,1.187942e-002
3.869951e+003,1.178483e-002
3.870434e+003,1.164200e-002
3.870916e+003,1.148669e-002
3.871398e+003,1.134726e-002
3.871880e+003,1.123670e-002
3.872362e+003,1.115419e-002
3.872844e+003,1.108963e-002
3.873326e+003,1.103032e-002
3.873808e+003,1.096670e-002
3.874291e+003,1.089895e-002
3.874773e+003,1.083671e-002
3.875255e+003,1.079520e-002
3.875737e+003,1.078898e-002
3.876219e+003,1.082662e-002
3.876701e+003,1.091020e-002
3.877183e+003,1.103522e-002
3.877665e+003,1.119338e-002
3.878147e+003,1.137290e-002
3.878630e+003,1.156087e-002
3.879112e+003,1.174503e-002
3.879594e+003,1.191333e-002
3.880076e+003,1.205551e-002
3.880558e+003,1.216320e-002
3.881040e+003,1.223163e-002
3.881522e+003,1.226046e-002
3.882004e+003,1.225423e-002
3.882487e+003,1.222100e-002
3.882969e+003,1.217070e-002
3.883451e+003,1.211373e-002
3.883933e+003,1.205857e-002
3.884415e+003,1.200979e-002
3.884897e+003,1.196670e-002
3.885379e+003,1.192485e-002
3.885861e+003,1.188108e-002
3.886344e+003,1.183518e-002
3.886825e+003,1.179099e-002
3.887308e+003,1.175354e-002
3.887790e+003,1.172699e-002
3.888272e+003,1.171320e-002
3.888754e+003,1.171102e-002
3.889236e+003,1.171661e-002
3.889718e+003,1.172532e-002
3.890200e+003,1.173250e-002
3.890682e+003,1.173458e-002
3.891165e+003,1.172981e-002
3.891647e+003,1.171695e-002
3.892129e+003,1.169492e-002
3.892611e+003,1.166466e-002
3.893093e+003,1.162978e-002
3.893575e+003,1.159816e-002
3.894057e+003,1.158094e-002
3.894539e+003,1.159027e-002
3.895021e+003,1.163505e-002
3.895504e+003,1.171787e-002
3.895986e+003,1.183171e-002
3.896468e+003,1.196013e-002
3.896950e+003,1.208218e-002
3.897432e+003,1.217537e-002
3.897914e+003,1.222522e-002
3.898396e+003,1.223040e-002
3.898878e+003,1.220375e-002
3.899361e+003,1.216699e-002
3.899843e+003,1.214204e-002
3.900325e+003,1.214443e-002
3.900807e+003,1.217833e-002
3.901289e+003,1.223794e-002
3.901771e+003,1.231009e-002
3.902253e+003,1.237817e-002
3.902735e+003,1.242249e-002
3.903218e+003,1.242365e-002
3.903700e+003,1.236777e-002
3.904182e+003,1.225092e-002
3.904664e+003,1.208201e-002
3.905146e+003,1.188170e-002
3.905628e+003,1.167790e-002
3.906110e+003,1.149795e-002
3.906592e+003,1.136185e-002
3.907074e+003,1.128084e-002
3.907557e+003,1.125401e-002
3.908039e+003,1.127088e-002
3.908521e+003,1.131488e-002
3.909003e+003,1.136988e-002
3.909485e+003,1.142331e-002
3.909967e+003,1.146948e-002
3.910449e+003,1.150877e-002
3.910931e+003,1.154518e-002
3.911414e+003,1.158326e-002
3.911896e+003,1.162512e-002
3.912378e+003,1.167116e-002
3.912860e+003,1.172069e-002
3.913342e+003,1.177335e-002
3.913824e+003,1.182878e-002
3.914306e+003,1.188623e-002
3.914788e+003,1.194283e-002
3.915271e+003,1.199259e-002
3.915752e+003,1.202839e-002
3.916235e+003,1.204501e-002
3.916717e+003,1.204201e-002
3.917199e+003,1.202440e-002
3.917681e+003,1.200076e-002
3.918163e+003,1.197818e-002
3.918645e+003,1.195880e-002
3.919127e+003,1.193911e-002
3.919609e+003,1.191252e-002
3.920092e+003,1.187342e-002
3.920574e+003,1.182150e-002
3.921056e+003,1.176266e-002
3.921538e+003,1.170636e-002
3.922020e+003,1.166187e-002
3.922502e+003,1.163366e-002
3.922984e+003,1.161810e-002
3.923466e+003,1.160459e-002
3.923948e+003,1.158036e-002
3.924431e+003,1.153691e-002
3.924913e+003,1.147434e-002
3.925395e+003,1.140181e-002
3.925877e+003,1.133352e-002
3.926359e+003,1.128295e-002
3.926841e+003,1.125816e-002
3.927323e+003,1.126125e-002
3.927805e+003,1.128982e-002
3.928288e+003,1.133937e-002
3.928770e+003,1.140505e-002
3.929252e+003,1.148271e-002
3.929734e+003,1.156852e-002
3.930216e+003,1.165626e-002
3.930698e+003,1.173659e-002
3.931180e+003,1.179916e-002
3.931662e+003,1.183505e-002
3.932145e+003,1.184131e-002
3.932627e+003,1.182279e-002
3.933109e+003,1.179062e-002
3.933591e+003,1.175586e-002
3.934073e+003,1.172655e-002
3.934555e+003,1.170323e-002
3.935037e+003,1.168035e-002
3.935519e+003,1.164894e-002
3.936001e+003,1.160024e-002
3.936484e+003,1.153072e-002
3.936966e+003,1.144352e-002
3.937448e+003,1.134760e-002
3.937930e+003,1.125476e-002
3.938412e+003,1.117693e-002
3.938894e+003,1.112260e-002
3.939376e+003,1.109548e-002
3.939858e+003,1.109504e-002
3.940341e+003,1.111784e-002
3.940823e+003,1.115674e-002
3.941305e+003,1.120304e-002
3.941787e+003,1.124796e-002
3.942269e+003,1.128492e-002
3.942751e+003,1.131277e-002
3.943233e+003,1.133620e-002
3.943715e+003,1.136464e-002
3.944198e+003,1.140838e-002
3.944679e+003,1.147322e-002
3.945162e+003,1.155723e-002
3.945644e+003,1.164962e-002
3.946126e+003,1.173400e-002
3.946608e+003,1.179174e-002
3.947090e+003,1.181104e-002
3.947572e+003,1.179123e-002
3.948054e+003,1.174496e-002
3.948536e+003,1.169176e-002
3.949019e+003,1.165044e-002
3.949501e+003,1.163165e-002
3.949983e+003,1.163461e-002
3.950465e+003,1.164911e-002
3.950947e+003,1.166167e-002
3.951429e+003,1.166232e-002
3.951911e+003,1.164693e-002
3.952393e+003,1.161780e-002
3.952875e+003,1.157996e-002
3.953358e+003,1.153797e-002
3.953840e+003,1.149302e-002
3.954322e+003,1.144423e-002
3.954804e+003,1.139113e-002
3.955286e+003,1.133641e-002
3.955768e+003,1.128788e-002
3.956250e+003,1.125578e-002
3.956732e+003,1.124891e-002
3.957215e+003,1.126996e-002
3.957697e+003,1.131304e-002
3.958179e+003,1.136590e-002
3.958661e+003,1.141304e-002
3.959143e+003,1.144114e-002
3.959625e+003,1.144474e-002
3.960107e+003,1.142610e-002
3.960589e+003,1.139358e-002
3.961072e+003,1.135783e-002
3.961554e+003,1.132862e-002
3.962036e+003,1.131168e-002
3.962518e+003,1.130862e-002
3.963000e+003,1.131835e-002
3.963482e+003,1.133811e-002
3.963964e+003,1.136450e-002
3.964446e+003,1.139256e-002
3.964928e+003,1.141665e-002
3.965411e+003,1.143025e-002
3.965893e+003,1.142818e-002
3.966375e+003,1.140801e-002
3.966857e+003,1.137215e-002
3.967339e+003,1.132706e-002
3.967821e+003,1.128043e-002
3.968303e+003,1.123966e-002
3.968785e+003,1.120858e-002
3.969268e+003,1.118692e-002
3.969750e+003,1.117258e-002
3.970232e+003,1.116306e-002
3.970714e+003,1.115843e-002
3.971196e+003,1.116109e-002
3.971678e+003,1.117438e-002
3.972160e+003,1.119967e-002
3.972642e+003,1.123558e-002
3.973125e+003,1.127768e-002
3.973606e+003,1.132025e-002
3.974089e+003,1.135906e-002
3.974571e+003,1.139379e-002
3.975053e+003,1.142665e-002
3.975535e+003,1.146165e-002
3.976017e+003,1.150088e-002
3.976499e+003,1.154324e-002
3.976981e+003,1.158445e-002
3.977463e+003,1.161994e-002
3.977946e+003,1.164659e-002
3.978428e+003,1.166463e-002
3.978910e+003,1.167627e-002
3.979392e+003,1.168349e-002
3.979874e+003,1.168437e-002
3.980356e+003,1.167314e-002
3.980838e+003,1.164111e-002
3.981320e+003,1.158227e-002
3.981802e+003,1.149683e-002
3.982285e+003,1.139488e-002
3.982767e+003,1.129260e-002
3.983249e+003,1.120848e-002
3.983731e+003,1.115626e-002
3.984213e+003,1.114008e-002
3.984695e+003,1.115286e-002
3.985177e+003,1.118101e-002
3.985659e+003,1.121028e-002
3.986142e+003,1.123044e-002
3.986624e+003,1.123952e-002
3.987106e+003,1.124235e-002
3.987588e+003,1.124632e-002
3.988070e+003,1.125806e-002
3.988552e+003,1.127951e-002
3.989034e+003,1.130859e-002
3.989516e+003,1.134107e-002
3.989999e+003,1.137328e-002
3.990481e+003,1.140307e-002
3.990963e+003,1.142954e-002
3.991445e+003,1.145117e-002
3.991927e+003,1.146393e-002
3.992409e+003,1.146240e-002
3.992891e+003,1.144165e-002
3.993373e+003,1.140049e-002
3.993855e+003,1.134409e-002
3.994338e+003,1.128393e-002
3.994820e+003,1.123395e-002
3.995302e+003,1.120545e-002
3.995784e+003,1.120433e-002
3.996266e+003,1.122837e-002
3.996748e+003,1.126979e-002
3.997230e+003,1.131835e-002
3.997712e+003,1.136596e-002
3.998195e+003,1.140875e-002
3.998677e+003,1.144604e-002
3.999159e+003,1.147819e-002
3.999641e+003,1.150476e-002
4.000123e+003,1.152320e-002
